timestamp,cloud_cost,cloud_cost_7d_ma,cloud_cost_30d_ma,incident_count_7d_ma,incident_count_30d_ma,request_volume_7d_ma,request_volume_30d_ma
2025-01-01,524.8357076505616,,,,,,
2025-01-02,493.36113336393737,,,,,,
2025-01-03,532.9331237500278,,,,,,
2025-01-04,576.974538087891,,,,,,
2025-01-05,489.3897249538195,,,,,,
2025-01-06,489.66489426502386,,,,,,
2025-01-07,580.606731310349,526.8236933402301,,1.4285714285714286,,7569.727264155669,
2025-01-08,540.2921754151214,529.0317601637386,,1.8571428571428572,,7654.016435966122,
2025-01-09,478.72106808322496,526.9403222664939,,1.7142857142857142,,7732.891986333226,
2025-01-10,529.5971379817674,526.4637528710282,,1.5714285714285714,,7755.456452597459,
2025-01-11,479.5725995843426,512.5491902276641,,1.2857142857142858,,7638.634450335324,
2025-01-12,479.73134496894943,511.16942165839697,,1.5714285714285714,,7479.225760641338,
2025-01-13,515.3902946482605,514.8444788560022,,1.5714285714285714,,7583.661962172874,
2025-01-14,407.9025172595655,490.17244827731884,,1.2857142857142858,,7537.3165169280555,
2025-01-15,417.5949862893003,472.64427840220156,,1.4285714285714286,,7507.306094678512,
2025-01-16,476.0008498753999,472.2556758010837,,1.4285714285714286,,7504.291170592859,
2025-01-17,453.7480187432239,461.4200873384346,,1.5714285714285714,,7269.872795303628,
2025-01-18,520.3762898122054,467.249185942415,,1.8571428571428572,,7378.881528095952,
2025-01-19,459.5370678288777,464.36428920811903,,1.7142857142857142,,7395.483193597575,
2025-01-20,434.5974349606703,452.82245210989186,,1.5714285714285714,,7405.905145698577,
2025-01-21,578.7694068960091,477.23200777224093,,1.7142857142857142,,7313.393283959262,
2025-01-22,494.4725018481012,488.21450999492674,,1.5714285714285714,,7216.519617736246,
2025-01-23,509.4120755293208,492.9875422312012,,1.8571428571428572,,7439.53091850371,
2025-01-24,435.0726044067482,490.319625897419,,1.5714285714285714,,7716.351576859512,
2025-01-25,479.36522591365855,484.4609024833408,,1.4285714285714286,,7715.558327414413,
2025-01-26,512.4048400479076,492.0134413717737,,1.5714285714285714,,7679.691342051726,
2025-01-27,449.5833801137957,494.15429067936304,,2.2857142857142856,,7627.034135805543,
2025-01-28,526.192308324691,486.6432765977462,,2.142857142857143,,7866.327976265415,
2025-01-29,477.6498213339637,484.240036524298,,2.142857142857143,,7834.791058269978,
2025-01-30,493.3714167627367,481.9485138433573,494.5707073336484,2.142857142857143,1.7,7682.093743994376,7564.84300491756
2025-01-31,478.14512206342727,488.1017306514544,493.0143544807439,2.4285714285714284,1.7666666666666666,7606.344380598683,7541.328067942049
2025-02-01,601.1187103228406,505.4950855670518,496.6062737127074,3.0,1.9,7723.987400342625,7600.91230730085
2025-02-02,508.1042882829936,504.88072102920694,495.7786458638063,3.2857142857142856,1.9666666666666666,7976.997204629203,7663.077729883994
2025-02-03,456.1679514945919,505.8213740836064,491.75175964402956,2.857142857142857,1.9666666666666666,8063.932573571517,7675.06628049452
2025-02-04,550.4550919700429,509.2874860329424,493.78727187790366,2.5714285714285716,1.9666666666666666,7870.084170885071,7640.753852146392
2025-02-05,448.5600122888289,505.13179902649455,492.41710914536384,2.5714285714285716,2.033333333333333,7882.791821438448,7660.575491513311
2025-02-06,520.3197229601143,508.98155705469134,490.40754220035603,2.5714285714285716,1.9666666666666666,7616.8976371923345,7575.849425292781
2025-02-07,412.1673854383843,499.5561661082566,486.13671586779816,2.7142857142857144,1.9666666666666666,7727.924923338963,7558.573381662378
2025-02-08,444.01593760994814,477.1129128635577,484.97987818535563,2.142857142857143,2.0,7636.208895490876,7578.352919437636
2025-02-09,520.5426502708224,478.8898217189618,484.6780619283241,1.7142857142857142,2.0,7443.027480566455,7590.177636410092
2025-02-10,547.8972658996333,491.9940094911106,486.9555508055004,2.142857142857143,2.1666666666666665,7314.984931314345,7599.5480593896245
2025-02-11,519.8166993818579,487.6170962642271,488.2917292859307,2.5714285714285716,2.2,7293.362971713223,7597.385868063166
2025-02-12,505.740219625444,495.7856973123149,487.97006011850345,2.7142857142857144,2.3,7283.211024083968,7590.470272625899
2025-02-13,496.74179738788814,492.4174222305683,490.9313694561142,2.7142857142857144,2.3,7662.494228910656,7605.0575580887225
2025-02-14,438.1452310714777,496.12854303529593,491.6163776155202,2.4285714285714284,2.2,7566.337058262232,7572.347273165246
2025-02-15,476.3534685926102,500.7481903185334,491.6281315727605,2.4285714285714284,2.2333333333333334,7803.842604243248,7648.248253956061
2025-02-16,489.58808888685286,496.32611012082344,492.82280057754815,2.2857142857142856,2.1666666666666665,7830.704852773408,7721.038449819708
2025-02-17,565.7504871682846,498.8765703020594,494.33527382275076,1.5714285714285714,2.1,7771.421045346445,7691.140613414739
2025-02-18,530.3496387582585,500.3812759272594,496.6956928537301,1.5714285714285714,2.1666666666666665,7760.953078832421,7682.6621746179635
2025-02-19,425.2910649341953,488.8885395427953,496.3854805195143,1.4285714285714286,2.2666666666666666,7725.7206527560575,7665.093890939312
2025-02-20,529.9216195945683,493.62851414374967,494.7572209427996,1.7142857142857142,2.3,7395.514833960317,7624.219253088969
2025-02-21,494.7376555265092,501.71314620875415,494.76605939874656,1.8571428571428572,2.2666666666666666,7601.7462189434145,7662.233480113586
2025-02-22,480.4200179545237,502.2940818318847,493.7996574795867,2.2857142857142856,2.3333333333333335,7433.303044348476,7646.795083319839
2025-02-23,545.1242808343616,510.2278235386716,497.46804669384045,2.4285714285714284,2.3666666666666667,7433.692905036604,7655.084759727697
2025-02-24,566.3647909396124,510.31558122028986,500.36803219470556,2.7142857142857144,2.4,7592.206539103804,7662.3585294755985
2025-02-25,561.6531691931212,514.7875141395559,502.00964316621264,2.2857142857142856,2.3333333333333335,7444.795030754736,7627.853035315332
2025-02-26,473.402635498676,521.6605956487675,502.8036183457087,2.5714285714285716,2.3333333333333335,7456.063790318124,7625.20081032558
2025-02-27,500.1772412897438,517.4113987480782,501.93644944454377,2.2857142857142856,2.3333333333333335,7785.425258691926,7605.341952321821
2025-02-28,532.4753800749793,522.8025022550025,503.7639680692443,2.2857142857142856,2.3,7503.483824642434,7584.928458933825
2025-03-01,564.9638132834157,534.8801873019871,506.15038128660024,2.142857142857143,2.3333333333333335,7155.534076018962,7523.931160792243
2025-03-02,492.50219345752976,527.3627462481539,506.62895033307035,2.2857142857142856,2.3333333333333335,7070.524155553705,7530.060040550535
2025-03-03,507.4523049391,518.9466768195094,503.50673682027895,2.857142857142857,2.3666666666666667,7047.449839694392,7504.4997653243445
2025-03-04,461.692853494486,504.6666317197044,501.9596889939954,3.142857142857143,2.3,7244.55254212497,7456.949280731011
2025-03-05,457.4736194132504,502.391057993215,502.0032112579507,2.7142857142857144,2.3,7366.232415808822,7462.404106847618
2025-03-06,558.1845901594904,510.67782211746453,502.260861197599,2.7142857142857144,2.3666666666666667,7351.602456779133,7484.362885697102
2025-03-07,585.6446488908183,518.2734319482986,506.8303490843319,2.857142857142857,2.3666666666666667,7516.306617544956,7499.415244692011
2025-03-08,514.506489805757,511.0652428800617,506.63657464585333,2.857142857142857,2.4,7908.325975719222,7591.931106448516
2025-03-09,568.5579892018714,521.9303565578248,511.8495947713029,3.0,2.4,7789.8801705789,7544.51626490652
2025-03-10,536.7374939821485,526.113954992546,514.9403133170429,3.0,2.566666666666667,7863.716577894977,7557.584891218633
2025-03-11,486.67405342200715,529.6826978393348,513.8113600887491,2.857142857142857,2.566666666666667,7930.647570127473,7570.727301628581
2025-03-12,537.2741698501807,541.082776473182,513.4572568871007,2.857142857142857,2.466666666666667,7711.053450049427,7554.820094552471
2025-03-13,596.380566320555,546.5393444961911,516.0093857850572,2.7142857142857144,2.4,7479.117947739802,7527.705713436637
2025-03-14,517.9617844642555,536.870363863825,516.4167712796842,2.5714285714285716,2.3333333333333335,7352.118839989178,7515.493735069893
2025-03-15,598.25961763295,548.835096410567,519.8006986211864,2.5714285714285716,2.3666666666666667,7158.734061743215,7474.387067442779
2025-03-16,389.314528060259,523.2288876760508,518.1730085208123,2.5714285714285716,2.433333333333333,7434.834714557804,7513.8323847088195
2025-03-17,561.6712569060039,526.7908538080302,521.0169347979255,2.0,2.466666666666667,7313.62171189277,7443.200016336855
2025-03-18,525.2028335216479,532.2949652508361,522.2040929524187,2.0,2.5,7142.103963310145,7410.05376075382
2025-03-19,506.17446100894256,527.8521497020877,520.2182254137739,2.2857142857142856,2.6333333333333333,7204.13908567361,7422.454303962143
2025-03-20,525.9872157815076,517.795956767938,520.072811314549,2.2857142857142856,2.566666666666667,7492.545694045024,7465.07732365291
2025-03-21,422.2950796471845,504.1292846512137,519.9729451383153,2.2857142857142856,2.533333333333333,7564.844457906766,7477.955956271724
2025-03-22,510.96427940785,491.65852204762786,519.341033798758,2.142857142857143,2.466666666666667,7609.353030484484,7524.282646631752
2025-03-23,540.0778507978094,513.1961395815637,520.8523736411346,2.0,2.466666666666667,7476.483196969292,7484.604346248192
2025-03-24,596.3912728817945,518.1561418638196,524.7180821387103,1.7142857142857142,2.3333333333333335,7698.741264368181,7505.13560100812
2025-03-25,496.85740815353296,514.1067953826603,523.1091863826827,2.142857142857143,2.433333333333333,7728.847283246871,7478.923115669549
2025-03-26,482.62058734505257,510.7419562878188,520.3177129295307,1.7142857142857142,2.4,7966.63378313239,7509.820660902145
2025-03-27,498.2317637329817,506.77689170945797,518.2036660808594,1.5714285714285714,2.4,7855.941505807502,7561.011501165223
2025-03-28,569.3640702198088,527.786747505547,521.4023805715639,1.5714285714285714,2.3,7850.05416619473,7569.887043976267
2025-03-29,540.3058682401859,531.9784030530237,522.7400014699118,1.5714285714285714,2.3,8155.600765331294,7610.6569315142715
2025-03-30,497.6546509913463,525.9179459378146,521.5793105004575,1.7142857142857142,2.3333333333333335,8062.121722937652,7614.953189183741
2025-03-31,550.0803812578625,519.3021042772529,521.0831960996057,2.0,2.3,7881.454513246085,7674.517036361114
2025-04-01,529.5452354920934,523.9717938970473,522.3179641674245,1.4285714285714286,2.2333333333333334,7834.5048662943445,7657.185281509032
2025-04-02,573.3979559738324,536.9399894154445,524.5161525352489,1.5714285714285714,2.1,7806.976300734731,7687.043501811558
2025-04-03,490.1374001758169,535.7836517644208,525.4643040912932,1.8571428571428572,2.1,7957.884701607618,7727.455671711174
2025-04-04,509.1312959622927,527.1789697276329,527.186226642928,2.0,2.1333333333333333,8175.224803527931,7758.6519344440585
2025-04-05,506.18334405806974,522.304323415902,525.4528517728806,2.0,2.1333333333333333,8037.157270386934,7770.619721356092
2025-04-06,452.8873527305683,515.9089950929337,521.027608567539,1.8571428571428572,2.1,8114.641905720351,7754.564756424667
2025-04-07,541.1434624128996,514.6322924007961,521.9155076544437,1.5714285714285714,2.0,8095.860635717452,7718.275123694036
2025-04-08,539.6645605911618,516.0779102720916,520.9523933674201,2.0,2.0,8038.301246905748,7715.150199318629
2025-04-09,527.141818236787,509.4698905953709,520.6325375092414,2.142857142857143,1.9,8162.384933450203,7756.7327847744455
2025-04-10,515.4311371584031,513.0832815928832,521.5911069671213,2.4285714285714284,2.0,8036.260231891997,7752.098626122897
2025-04-11,456.6663051471363,505.58828290500367,518.9041781436864,2.0,1.9333333333333333,7778.816150022355,7774.463231104408
2025-04-12,506.67692453388565,505.6587944015488,515.9140567507974,2.2857142857142856,2.033333333333333,7794.152637024038,7844.127815522414
2025-04-13,510.8478132683117,513.938860192655,515.6769243775993,2.0,1.9666666666666666,7730.235822214753,7842.792052277302
2025-04-14,488.14402405606586,506.3675118559645,512.0064045917031,2.2857142857142856,1.9333333333333333,7823.4091212214435,7873.365970905622
2025-04-15,520.467950356343,503.6251389652761,516.378185334906,2.0,1.8666666666666667,7997.958153228658,7846.545668341829
2025-04-16,549.0091272028668,506.7490402461446,515.9561143448013,1.8571428571428572,1.8666666666666667,7851.869116278297,7882.323845797734
2025-04-17,623.390227845163,522.1717674871104,519.2290274889185,1.5714285714285714,1.9,7791.00073187225,7903.507872120721
2025-04-18,538.084171848725,533.802891301623,520.2926845169113,1.5714285714285714,1.7666666666666666,7698.7836715606545,7889.880301144719
2025-04-19,542.5071491657678,538.9214948204633,520.8433489630532,1.2857142857142858,1.8,7550.976366634675,7857.761639126665
2025-04-20,526.1816822638178,541.1120475341071,524.306235716941,1.8571428571428572,1.8666666666666667,7777.9993308032435,7892.528189286481
2025-04-21,434.23976570967073,533.4114391989077,521.7487519270018,1.7142857142857142,1.8333333333333333,7751.402575098539,7906.510864648901
2025-04-22,529.1269811246585,534.6484435943814,521.3837229378968,1.8571428571428572,1.8333333333333333,7837.362023627778,7930.750727895475
2025-04-23,533.7385338166673,532.4669302534958,519.2952983023926,2.0,1.9333333333333333,7640.963872561181,7868.842454376101
2025-04-24,654.1634773663768,536.8631087565262,524.5388339428206,1.7142857142857142,1.8,7676.4620432106585,7891.284649445604
2025-04-25,521.6576719255529,534.5164659103588,525.840070095504,2.0,1.8333333333333333,7783.088686114151,7847.053111840462
2025-04-26,546.6274357037863,535.1050782729329,527.4532591611975,1.8571428571428572,1.8666666666666667,7878.174412447398,7862.949317342641
2025-04-27,530.08882852434,535.663242024436,526.1440844380152,1.2857142857142858,1.8,7744.231646711059,7867.836268073623
2025-04-28,473.6648635511222,541.2953988589292,523.9227176150464,1.2857142857142858,1.7666666666666666,7812.354739556514,7826.4201253014535
2025-04-29,589.5142545803463,549.9221522097416,526.9847044013463,1.4285714285714286,1.7666666666666666,7839.132500891882,7878.71990941813
2025-04-30,570.2441139114306,555.1372350804221,527.6568288231321,1.1428571428571428,1.7333333333333334,8014.5618402714035,7899.900830682009
2025-05-01,572.4734080517409,543.4672251783313,529.0877679084535,1.4285714285714286,1.8,8022.787883055278,7935.217353356489
2025-05-02,487.7267863823481,538.6199558150164,526.2320622554041,1.2857142857142858,1.7666666666666666,7969.215294762076,7884.90887711351
2025-05-03,603.6102230913866,546.760354013245,530.0144896859231,1.8571428571428572,1.8666666666666667,7881.54308607404,7845.136273718139
2025-05-04,463.65230282746415,537.2694217708341,528.4985232480955,2.0,1.8,7819.537415519409,7784.842544204967
2025-05-05,563.3620590795882,550.0833068463293,530.4044804154794,2.4285714285714284,1.8666666666666667,7714.795828536446,7751.20245553634
2025-05-06,643.8163341025703,557.8407467780755,536.7687797945462,2.2857142857142856,1.8666666666666667,7589.56756039396,7756.202562175305
2025-05-07,485.0410849780335,545.6688855018759,534.8987005467174,2.142857142857143,1.8666666666666667,7400.912267670069,7737.746211470953
2025-05-08,506.5273631769259,536.248021948331,533.7941272995761,2.0,1.8,7182.924190934879,7735.629373629954
2025-05-09,540.0991663339431,543.7297905128445,534.2260389028146,2.2857142857142856,1.8,7217.1358493893795,7664.350757499316
2025-05-10,510.2171637962476,530.3879248992532,534.0522397907428,1.8571428571428572,1.7333333333333334,7255.619418998115,7662.986750709566
2025-05-11,458.13212337124753,529.5993278340794,534.1011003982131,2.142857142857143,1.8333333333333333,7189.953965256426,7647.441367759585
2025-05-12,539.3677920873521,526.1715754066172,535.1907959833287,2.0,1.8,7217.269517088468,7616.596394218039
2025-05-13,483.0988060832421,503.2119285467132,534.2658290771598,1.8571428571428572,1.8333333333333333,7444.301921243213,7689.484651948612
2025-05-14,560.1679617238029,513.9443395103945,536.6666269994176,1.8571428571428572,1.7666666666666666,7706.100072320979,7710.374100060844
2025-05-15,490.7914769028503,511.6963557569551,535.6774112176346,1.8571428571428572,1.7666666666666666,8062.279898614236,7750.637780886588
2025-05-16,614.5337572879141,522.3298687503795,537.8615655538027,2.0,1.8333333333333333,8198.09323904025,7745.136386143773
2025-05-17,498.1487208427218,520.6058054713044,533.6868486537214,2.0,1.8333333333333333,8308.012743792888,7783.622886824382
2025-05-18,521.4826580717464,529.65588185709,533.1334648611554,2.142857142857143,1.9666666666666666,8388.16148461025,7808.296190804491
2025-05-19,578.5359431730102,535.251332012184,534.3344246613968,2.142857142857143,2.0,8352.30130597955,7803.572213398511
2025-05-20,476.5912149053256,534.3216761296245,532.6814090827804,2.2857142857142856,1.9333333333333333,7852.3672928387505,7706.837176423563
2025-05-21,549.7817758797264,532.8379352947564,536.5328094217823,2.7142857142857144,2.0,7868.258370425838,7737.640452303881
2025-05-22,604.0402652861379,549.016333635226,539.0299188938316,2.857142857142857,2.0,7875.449782272117,7759.524924570267
2025-05-23,458.5833142664517,526.7376989178744,536.5247449088243,2.5714285714285716,1.9666666666666666,7785.268500019665,7778.807465884087
2025-05-24,548.4635173436249,533.9255269894319,533.0014129080661,2.5714285714285716,2.033333333333333,7619.1835327456965,7770.2579010492245
2025-05-25,552.5003125519274,538.3566204866006,534.0295009289451,2.4285714285714284,2.066666666666667,7602.263342534754,7766.103610635965
2025-05-26,578.8716648508682,538.4045807262946,535.1043085671813,2.142857142857143,2.066666666666667,7699.804197536253,7761.952496585911
2025-05-27,478.2073341405952,538.6354549027617,533.3749254210564,2.142857142857143,2.1333333333333333,8116.4036744122795,7793.677316220515
2025-05-28,474.3063874527821,527.8532565560553,533.3963095511118,2.142857142857143,2.2,7770.791124139302,7727.942275373197
2025-05-29,566.7006448103374,522.5190250595124,532.6358558921114,2.142857142857143,2.1666666666666665,7645.814492784245,7714.417389345152
2025-05-30,555.7271486136484,536.3967156805405,532.1519570488521,1.8571428571428572,2.1333333333333333,7668.720933416495,7698.111254284608
2025-05-31,553.6769058917795,537.141485473134,531.5254069768533,1.7142857142857142,2.1,7730.133167800047,7701.971800823003
2025-06-01,558.7490222718309,538.0341582902631,533.8928148398361,1.5714285714285714,2.1333333333333333,7869.268295574461,7742.782644158854
2025-06-02,507.6997241405542,527.8667381887897,530.6957982081417,1.7142857142857142,2.033333333333333,7810.335979264401,7745.3375049969945
2025-06-03,553.5879935000255,538.6354038115654,533.6936545638937,1.5714285714285714,2.033333333333333,7668.3863285363195,7758.408729257794
2025-06-04,556.903280729406,550.4349599939403,533.478361952221,1.1428571428571428,1.9,7848.103775155482,7759.047462917641
2025-06-05,506.8064345856501,541.8786442475564,528.911365301657,1.5714285714285714,2.0,7913.516449747278,7790.005463527592
2025-06-06,636.0870794667029,553.3586343694213,533.9462317846126,1.8571428571428572,2.066666666666667,7979.6047145558405,7833.139491891287
2025-06-07,566.764348377551,555.2282690102458,535.9541312913001,1.8571428571428572,2.066666666666667,7974.461959580896,7886.663946840407
2025-06-08,483.7818758943257,544.5186766706022,534.0768882766463,1.8571428571428572,2.033333333333333,7799.450839340284,7878.6561418140645
2025-06-09,576.4490796086462,554.340013166044,536.2846188037262,1.5714285714285714,1.9666666666666666,7755.925114098907,7862.075500520513
2025-06-10,495.1616640880852,545.9933946786239,537.5189368276208,1.7142857142857142,1.9333333333333333,7886.755923146459,7920.995852765469
2025-06-11,583.5243262090705,549.7964011757188,538.9908212983447,1.8571428571428572,1.8666666666666667,7921.455373880655,7923.35749616915
2025-06-12,602.3742233948146,563.4489424341709,542.9666685420638,1.5714285714285714,1.9333333333333333,7881.110125931799,7891.927377954929
2025-06-13,503.6846769493555,544.5343135031213,541.0838923829156,1.8571428571428572,2.066666666666667,8027.5824753846955,7908.152052606155
2025-06-14,593.1619477516538,548.305399127993,544.496241411209,2.0,2.1,8114.0317323804,7898.73937471918
2025-06-15,565.906536058759,560.0374934371978,542.8753340369038,1.7142857142857142,1.9666666666666666,8250.01554438548,7890.771346394619
2025-06-16,586.6448461341552,561.4940315122706,545.8252048799516,2.0,1.9666666666666666,8244.694523159673,7847.301249039429
2025-06-17,640.6558356896246,582.2789131696334,549.7976441338809,2.0,1.9,7875.966481766927,7801.48368543536
2025-06-18,533.8211291792803,575.1784564510918,548.3071503340899,2.2857142857142856,1.9,7850.4129019962365,7806.250201906377
2025-06-19,508.6780751840459,561.793292420982,549.3767123433805,2.5714285714285716,2.0,7778.285156555211,7874.641546155437
2025-06-20,502.1635103431408,561.5759829058085,547.7894368254944,2.2857142857142856,1.9666666666666666,7617.815541372313,7849.7153924936665
2025-06-21,506.12306599864166,549.1418569410924,544.5255301825779,2.4285714285714284,2.0,7483.856793113194,7807.367677248764
2025-06-22,543.332843198705,545.9170436753705,547.3505144803196,2.857142857142857,2.033333333333333,7483.678245006241,7820.400286891487
2025-06-23,564.5198758327389,542.756333632311,547.8857264299567,2.857142857142857,2.033333333333333,7334.552657976295,7780.887378259902
2025-06-24,561.5711654809043,531.4585236024938,548.188088194256,3.2857142857142856,2.1,7489.0736288088865,7775.072752232658
2025-06-25,589.3701363887011,539.3940960609825,548.538037245517,3.142857142857143,2.1333333333333333,7576.910408387026,7777.5749844382235
2025-06-26,548.9354169532918,545.1451448851604,550.8956400059402,3.142857142857143,2.2333333333333334,7749.8903981897,7789.121781703501
2025-06-27,621.2363746397589,562.1555540703916,555.7933062455062,2.857142857142857,2.1333333333333333,7713.0197239751815,7836.235399122039
2025-06-28,535.6011775424918,566.3667128623703,554.756657336578,2.5714285714285716,2.1,7807.644012681942,7845.127898558228
2025-06-29,685.1168259563672,586.6215675420362,559.0696465813352,2.2857142857142856,2.1333333333333333,7884.295548372737,7870.701030381277
2025-06-30,580.666083437633,588.9281686284497,559.9692858328636,2.2857142857142856,2.1666666666666665,7976.636223349358,7838.404757888075
2025-07-01,506.7991866510651,581.103600224187,558.2376246455049,1.7142857142857142,2.1333333333333333,8116.628658175488,7832.790170172898
2025-07-02,496.38678799132026,567.8202647388468,557.8605267738637,1.5714285714285714,2.1,7990.619474484933,7819.641133323015
2025-07-03,574.3293820790317,571.447974042524,558.5519063931639,0.8571428571428571,2.066666666666667,7947.230982352901,7854.185534260704
2025-07-04,539.3069704730765,559.7437734472836,557.9653627179529,1.2857142857142858,2.1666666666666665,7971.997857674827,7865.144018376552
2025-07-05,586.4544828664702,567.0085313507091,560.620297660647,1.5714285714285714,2.1,7950.015371300401,7853.644313587289
2025-07-06,574.6906878130394,551.2333687588052,558.5737512721915,1.4285714285714286,2.033333333333333,7808.103207210268,7830.684012000642
2025-07-07,547.6617093740151,546.5184581782884,557.9369966387403,1.2857142857142858,2.033333333333333,8026.643079218296,7850.580352470134
2025-07-08,509.237817525935,546.8668340175554,558.7855280264606,1.4285714285714286,2.033333333333333,8230.659085320873,7933.405427568368
2025-07-09,476.1094906175586,543.9700772498752,555.440875060091,2.0,2.2,8158.352509857635,7913.540859000051
2025-07-10,529.8004526709974,537.608801620156,556.5955013461881,2.142857142857143,2.1666666666666665,8003.5525303344375,7881.438075937898
2025-07-11,595.2204884130186,545.5964470401477,556.985373419653,2.142857142857143,2.2333333333333334,8015.428969198389,7887.0711906173565
2025-07-12,563.3795843258517,542.3000329629165,555.6855521173543,1.7142857142857142,2.1333333333333333,8056.308107860376,7894.523842703957
2025-07-13,490.6623066062387,530.2959785048022,555.2514731059171,2.0,2.066666666666667,8059.71968692121,7838.182694692497
2025-07-14,561.8826402568938,532.3275400594991,554.2088295227584,2.0,2.033333333333333,7672.935561666353,7747.657912636858
2025-07-15,572.7638113732731,541.4026820376903,554.4374053665755,1.8571428571428572,2.066666666666667,7618.983717761722,7786.164668022824
2025-07-16,509.5794189992712,546.1841003779349,551.8685577954127,1.4285714285714286,2.066666666666667,7840.940354878128,7819.331553067691
2025-07-17,561.7328945291008,550.7458777862355,549.2377930900619,1.5714285714285714,2.066666666666667,7720.075823434966,7845.063588993774
2025-07-18,557.231423576621,545.3188685238929,550.01813623664,1.2857142857142858,2.0,7643.428344703105,7838.774793915626
2025-07-19,497.4468211852864,535.899902360955,549.6437611033479,1.4285714285714286,1.8666666666666667,7733.868335027933,7884.159917680926
2025-07-20,572.7590525167284,547.6280089195964,551.9969458424675,1.2857142857142858,1.8333333333333333,7966.632717285567,7919.573369072255
2025-07-21,583.1832592402224,550.6709544886432,554.5656189505203,1.2857142857142858,1.7666666666666666,8357.845827546718,7951.588687338013
2025-07-22,609.5709435030711,555.9291162214716,556.7735556273325,1.5714285714285714,1.7666666666666666,8206.597987708028,7954.845941319907
2025-07-23,608.382832368549,570.0438895599399,558.2356541785261,1.5714285714285714,1.7666666666666666,8117.968061324509,8002.128480515607
2025-07-24,487.0836097914459,559.3797060259892,555.7527356555441,2.0,1.7666666666666666,8269.690062565523,8027.20742353699
2025-07-25,509.3501746160408,552.5395276030491,553.0854035964554,2.0,1.7333333333333334,8450.810305009645,8042.684769794238
2025-07-26,582.2675383947266,564.6567729186835,554.1964743111699,2.2857142857142856,1.6666666666666667,8196.364495998758,7988.337207169706
2025-07-27,582.4794210024006,566.0453969880651,552.9045758565914,2.4285714285714284,1.7333333333333334,7962.128477452163,7977.698744883551
2025-07-28,582.816856194589,565.9930536958319,554.4784318116614,2.7142857142857144,1.8,7970.480499416658,7989.583867576113
2025-07-29,749.9753948345193,586.0508324574673,556.6403841075996,2.7142857142857144,1.8666666666666667,7936.939419896215,7967.129511342053
2025-07-30,586.1576942589381,582.8758127275229,556.8234378016431,2.857142857142857,1.9,8110.383098608644,8033.336084742773
2025-07-31,614.6657991558063,601.1018397795743,560.4189915518012,2.142857142857143,1.8666666666666667,8072.665449653451,8016.949341548514
2025-08-01,605.8619537439331,614.8892367978448,564.068163743555,2.4285714285714284,1.9333333333333333,7922.037693686704,8026.682354274651
2025-08-02,591.0057765570594,616.1375565353209,564.6240435594893,2.2857142857142856,2.0,7912.773361687642,7980.297095681145
2025-08-03,542.9471001822488,610.490082132442,564.7453812164616,2.142857142857143,1.9333333333333333,7961.12547777815,7975.161856240992
2025-08-04,596.933371861426,612.5067272277045,565.0946775162936,2.0,1.9,7687.377177246489,7928.301622296867
2025-08-05,520.6179985323806,579.7413848988275,563.2922545402715,2.0,2.0,7649.361661582611,7930.089817362267
2025-08-06,547.6926773447555,574.2463824825157,563.2932868059629,1.5714285714285714,1.9666666666666666,7349.367012593086,7875.3050025302255
2025-08-07,535.5397787127972,562.9426652763716,564.170018845525,1.8571428571428572,1.9666666666666666,7488.605157323507,7843.803425015796
2025-08-08,564.1760114960651,556.9875306695333,567.1055695414751,1.4285714285714286,1.8,7582.6845620545455,7892.359833120597
2025-08-09,676.089581282921,569.142359916085,571.9818738285393,1.1428571428571428,1.7666666666666666,7510.813560999343,7865.324669502957
2025-08-10,467.2677417421547,558.3310229960714,567.7167822728438,1.2857142857142858,1.7333333333333334,7657.232016844203,7891.582567358349
2025-08-11,595.2183593129644,558.0860212034341,568.7780747724142,1.1428571428571428,1.7666666666666666,8099.496492350254,7938.378912011172
2025-08-12,480.54390465725265,552.3611506498444,568.440794707448,0.7142857142857143,1.7,8159.99834573835,7953.4881710862655
2025-08-13,537.8574533497601,550.9561186505592,567.6399551438769,0.8571428571428571,1.7,8230.464605399982,8005.395112734738
2025-08-14,616.1759249100967,562.4755681073163,569.0870255951045,0.8571428571428571,1.7333333333333334,8466.315015103772,8041.514061062275
2025-08-15,565.2167444389981,562.6242442420211,570.941603109762,1.2857142857142858,1.7666666666666666,8276.092008477486,7993.895218960447
2025-08-16,508.3898530102562,538.667140203069,569.1635017258005,1.8571428571428572,1.8333333333333333,8472.216365799775,8040.824129388079
2025-08-17,526.7862548662197,547.1697849350783,568.1486627687871,1.8571428571428572,1.8666666666666667,8369.9107800791,8061.095135612748
2025-08-18,596.8056761984484,547.3965444901474,571.4606246025593,2.0,1.9,8248.173118644063,8058.383361521602
2025-08-19,526.5818055883544,553.9733874803048,569.92138303828,2.2857142857142856,1.9333333333333333,8289.220271238722,8028.758600342002
2025-08-20,574.1974150758066,559.1648105840258,569.6218548994661,2.142857142857143,1.9,8314.367451527802,7995.250158330324
2025-08-21,565.9274260143951,551.9864535989256,568.167070983177,2.142857142857143,1.8666666666666667,7910.980108832776,7972.536555991382
2025-08-22,531.3431650614101,547.1473708306986,565.599082072939,2.142857142857143,1.9,8008.878305414486,7968.44094258144
2025-08-23,671.3947353304638,570.4337825907284,571.742786257573,1.7142857142857142,1.7666666666666666,7856.029157636704,7944.303251571355
2025-08-24,596.1678304025947,580.3454362387819,574.6367081171248,2.2857142857142856,1.9333333333333333,7849.876020086116,7920.877135797258
2025-08-25,463.4890983763103,561.3002108356193,570.6774267831775,2.142857142857143,1.8666666666666667,7648.191234855489,7930.4762672548395
2025-08-26,574.3432918701586,568.1232803044485,570.4062224787696,2.2857142857142856,1.9,7448.166534923245,7908.834147085256
2025-08-27,532.2056013157644,562.1244497672996,568.7191806494753,2.4285714285714284,1.8333333333333333,7617.1808725566825,7912.813578729663
2025-08-28,608.1909397164916,568.1620945818848,563.9930321455411,2.2857142857142856,1.7666666666666666,7682.634656506654,7913.198777867151
2025-08-29,526.2175844775419,567.4298687841894,561.9950284861611,2.2857142857142856,1.7666666666666666,7593.869312145092,7847.921059073279
2025-08-30,560.3811477483285,551.5707848438843,560.1855401059119,2.5714285714285716,1.8666666666666667,7708.279513193857,7859.27986639745
2025-08-31,591.641682193193,550.9241922425412,559.7115310542206,2.142857142857143,1.8666666666666667,7691.559884461066,7867.098980311275
2025-09-01,609.9544263751727,571.847810528093,560.3431527148243,2.142857142857143,1.8333333333333333,7549.997420505991,7845.828547645787
2025-09-02,506.9261947363744,562.2167966518381,559.1424558666287,2.5714285714285716,2.0,7775.989388335438,7865.635726215289
2025-09-03,550.4903017196124,564.8288967095306,557.5943535285681,2.4285714285714284,1.9333333333333333,7551.686627203473,7881.152450386293
2025-09-04,543.7424463761085,555.6219690894759,558.3651684566923,2.4285714285714284,1.8666666666666667,7761.441294331397,7939.3506921752005
2025-09-05,535.0975987279674,556.8905425538225,557.9453325027994,2.5714285714285716,2.0,7955.769958903273,7989.415079878989
2025-09-06,656.3111207932044,570.5948244173761,561.9710439054796,2.142857142857143,1.9333333333333333,7924.647235305027,7961.023017926471
2025-09-07,588.5618427496938,570.154847354019,562.7839049472673,2.4285714285714284,2.1,7877.22386120647,7935.824816780058
2025-09-08,505.5429079073904,555.2389161443359,557.0990158347497,2.5714285714285716,2.1666666666666665,8086.222302924247,7980.090587428264
2025-09-09,614.754551399378,570.6429670961935,562.0152428233237,1.8571428571428572,2.1333333333333333,8093.128610242149,7967.344931341477
2025-09-10,675.2436123197674,588.4648686105014,564.6827512568838,1.8571428571428572,2.1,8193.70256073786,7903.133866343401
2025-09-11,621.0334139191897,599.5064354023701,569.3657348989484,1.7142857142857142,2.1,7959.632270275886,7892.598607900626
2025-09-12,493.7160010164283,593.5947785864361,567.8943531545041,1.7142857142857142,2.2,7883.358502555791,7908.423655882011
2025-09-13,545.747144093313,577.7999247721658,565.5467271272778,2.0,2.2,7856.062349353533,7818.630729251415
2025-09-14,633.5787536184532,584.2309120391315,567.8254607665931,1.5714285714285714,2.1666666666666665,7881.677978761749,7843.794876513052
2025-09-15,535.1240713006796,588.456792523887,568.7166013762738,1.4285714285714286,2.066666666666667,7647.518167296209,7787.661007777434
2025-09-16,592.9728644114266,585.3451229541797,570.9228216944474,1.2857142857142858,2.0,7675.693705512157,7805.360947275856
2025-09-17,609.7879440980786,575.9943132082242,571.3555639577684,1.5714285714285714,2.0,7717.461254700431,7779.301098089887
2025-09-18,524.9840662702042,562.2729778297977,571.3023059804966,1.7142857142857142,1.9666666666666666,7704.53661886366,7756.172422346444
2025-09-19,568.6286704685149,572.9747877515243,571.1166811602537,1.5714285714285714,2.066666666666667,7932.482164896627,7819.317089001404
2025-09-20,409.8159196906479,553.5560414082864,565.9129642827954,1.2857142857142858,2.0,8000.559279227053,7839.532535676746
2025-09-21,520.9342530498836,537.4639698984907,565.5660005490778,1.1428571428571428,1.9333333333333333,7924.609947253456,7824.132259608812
2025-09-22,559.7995759694367,540.9890419940275,561.8461619037103,1.1428571428571428,1.9333333333333333,8226.837087283404,7874.182858028329
2025-09-23,510.3131728633488,529.1805146300163,558.9843399857353,1.7142857142857142,1.8666666666666667,8199.315830123303,7886.896902951199
2025-09-24,654.5972455806696,535.5818434132436,565.354611559214,1.8571428571428572,1.9333333333333333,8226.854543256835,7914.322536716868
2025-09-25,501.7439599085527,532.261828218722,562.9346338271606,2.0,1.9,8246.117691016874,7942.361025434958
2025-09-26,551.5231528942318,529.8181828509672,563.5785522131094,1.8571428571428572,1.9333333333333333,8074.5227472692395,7926.030193101002
2025-09-27,580.336754515882,554.1783021117151,562.650079373089,2.142857142857143,1.9666666666666666,8059.760252591671,7927.528508096582
2025-09-28,646.13773852738,572.064514322786,566.6474178414171,2.2857142857142856,1.9333333333333333,8202.047976659112,7966.040614662084
2025-09-29,502.55531493759867,563.8867627468092,564.7198900810595,2.4285714285714284,1.9,7932.772659603608,7926.564592190605
2025-09-30,632.7809585268152,581.3821606987328,566.09119929218,2.0,1.8333333333333333,7828.91618934885,7918.946707425016
2025-10-01,575.4087723925431,570.0695216718576,564.9396774927592,1.5714285714285714,1.8,7975.871545498207,8013.693165881718
2025-10-02,526.0960352116628,573.548389572302,565.5786721752687,1.8571428571428572,1.7333333333333334,7938.497431920453,7980.279568938128
2025-10-03,598.5509898997204,580.2666520016575,567.1806951146058,1.5714285714285714,1.7333333333333334,7829.689575012267,7990.89754758972
2025-10-04,585.673149387727,581.0289941262067,568.578385214993,1.7142857142857142,1.8,7796.864601477313,7935.79394643063
2025-10-05,545.9836691736103,566.7212699328111,568.9412542298477,1.5714285714285714,1.7,7627.0350135707295,7889.335794084491
2025-10-06,579.7589657035476,577.7503628993752,566.3895157268593,1.5714285714285714,1.7666666666666666,7574.907304080299,7844.958608238168
2025-10-07,557.2775300334553,566.9641588288952,565.3467053029847,1.7142857142857142,1.6666666666666667,7616.871648800499,7858.197857863623
2025-10-08,582.4934255616022,567.9762521387609,567.911722558125,2.4285714285714284,1.7666666666666666,7425.134197908248,7859.439274711319
2025-10-09,610.1984404475887,579.9908814581788,567.7598521930653,2.0,1.7666666666666666,7521.217565422252,7846.833658480153
2025-10-10,656.6670959513006,588.2931823226902,567.1406349807831,2.142857142857143,1.8,7575.854572319231,7846.733016958707
2025-10-11,515.7498286251871,578.3041364994702,563.6311821376497,2.4285714285714284,1.9666666666666666,7633.906136370513,7859.79118185271
2025-10-12,684.5666207218394,598.10170100636,569.9928694611633,2.4285714285714284,1.8666666666666667,7887.654423769497,7890.338175701022
2025-10-13,480.58491043539755,583.9339788251958,567.8207950058994,2.2857142857142856,1.8333333333333333,8131.352676297859,7909.193017858511
2025-10-14,570.8743940822401,585.8763879750222,565.7306496880258,2.4285714285714284,1.8666666666666667,8065.125226457766,7901.00221565936
2025-10-15,608.1538575807446,589.5421639777568,568.1649758973613,1.7142857142857142,1.8333333333333333,8044.0398085152,7951.960990995749
2025-10-16,593.061939065764,587.0940923517819,568.1679450525058,1.7142857142857142,1.8666666666666667,8099.883023198115,7945.811165940209
2025-10-17,548.1517181104792,571.5918955173788,566.1134041862525,1.5714285714285714,1.8,8267.291640387875,7975.026773619111
2025-10-18,569.1549300061417,579.221195714658,567.5857663107837,0.8571428571428571,1.7666666666666666,8223.153022326258,7980.801675993983
2025-10-19,555.1853442135605,560.7381562134753,567.1376554356186,1.1428571428571428,1.7666666666666666,8119.147158809812,7933.89334094743
2025-10-20,550.6415015217881,570.7462406543883,571.8318414966567,1.4285714285714286,1.8666666666666667,8169.840468213694,7948.691961955394
2025-10-21,622.8641926425464,578.1733547344321,575.2295061497455,1.1428571428571428,1.8666666666666667,8139.817407688754,7951.21728976093
2025-10-22,598.5092105122442,576.7955480103606,576.5198273011723,1.4285714285714286,1.9,8164.472522382193,7937.409259185468
2025-10-23,546.2873048734557,570.1134574114594,577.7189650348425,1.2857142857142858,1.7666666666666666,7925.549095375385,7881.932261165694
2025-10-24,626.1871268306475,581.261372942912,576.7719610765084,1.2857142857142858,1.6666666666666667,7567.538469169036,7821.1863563319575
2025-10-25,596.846457525312,585.2173054456506,579.9420443304004,1.8571428571428572,1.7333333333333334,7677.409796423441,7848.103167255515
2025-10-26,622.398935845926,594.8192471074171,582.3045704287903,1.5714285714285714,1.7,7652.032461023179,7835.312274156683
2025-10-27,613.5116204226551,603.8006926646839,583.4103992923493,1.7142857142857142,1.7666666666666666,7625.966655331504,7847.473455928022
2025-10-28,1340.8547762028677,706.370776030444,606.5676338815322,2.857142857142857,2.0,7733.464057064807,7841.881041855592
2025-10-29,1354.5698231616193,814.3794349803547,634.9681174889996,3.857142857142857,2.2333333333333334,7631.08198633529,7867.014768756193
2025-10-30,1420.2179038501274,939.2266634055935,661.2160156664434,4.857142857142857,2.433333333333333,7829.241076254234,7882.0080681102845
2025-10-31,1413.646085288134,1051.7208003280916,689.1572594296298,5.857142857142857,2.6666666666666665,7885.893289908264,7800.191430027638
2025-11-01,1382.3568407407502,1163.9365693588684,717.6992862805994,6.428571428571429,2.8,7976.232151259749,7856.907935101351
2025-11-02,1389.5426380268932,1273.5285268132923,744.065674551505,7.285714285714286,3.033333333333333,7854.568652828934,7841.117392313906
2025-11-03,1447.8338620733718,1392.7174184776802,772.8043649743599,8.142857142857142,3.2666666666666666,7837.028184731146,7856.844958687249
2025-11-04,1354.6463962646558,1394.6876499150787,799.7597892107281,8.285714285714286,3.566666666666667,7768.509144372741,7874.89167237606
2025-11-05,1411.8541831874456,1402.8711299187682,827.4962964601914,7.857142857142857,3.7,7928.8301030482135,7949.5967551820395
2025-11-06,1374.6640299297455,1396.363433644428,854.7425131234011,7.857142857142857,3.8666666666666667,7870.223100736345,7941.123406895315
2025-11-07,574.1639508125759,1276.437414433634,854.4648639651002,7.0,3.7333333333333334,7983.540781609705,7930.486299557977
2025-11-08,640.261201995793,1170.423751755783,855.466956016707,6.142857142857143,3.7666666666666666,7959.509179626933,7959.175978415777
2025-11-09,626.8675252683315,1061.4701642188456,854.4736369939413,5.714285714285714,3.8666666666666667,8116.296800293668,7967.220578841274
2025-11-10,626.5465380414585,944.143403642858,858.1668606411503,4.571428571428571,3.7666666666666666,8171.689186810873,7982.327670456667
2025-11-11,651.4193450216396,843.682396322427,857.0619514511437,3.7142857142857144,3.8666666666666667,8158.270454897196,7938.035412972523
2025-11-12,587.4699451680577,725.9132194625146,860.6247859422324,3.0,3.8666666666666667,7961.431860432291,7909.948564813408
2025-11-13,620.7917500736645,618.2171794830745,862.2886978086133,2.4285714285714284,3.8666666666666667,8015.927925284167,7929.644036621476
2025-11-14,571.45511210174,617.8302025243836,861.0654062926463,2.5714285714285716,3.933333333333333,8039.097113756914,7929.333004114377
2025-11-15,603.4511159783316,612.5716188076033,861.411712189732,2.7142857142857144,4.0,8012.233558834726,7938.724436730986
2025-11-16,581.0099940580218,606.0205429204162,862.5069880546502,2.5714285714285716,4.1,8017.917358989574,7909.033246515003
2025-11-17,592.6412934485385,601.1769365499991,863.2898668360633,2.4285714285714284,4.133333333333334,7998.595418866652,7929.930896316092
2025-11-18,617.8236948932448,596.3775579602285,865.3778118587195,2.2857142857142856,4.133333333333334,7913.0602057734095,7889.94845726403
2025-11-19,547.4291578822222,590.6574454908233,865.2707337374005,2.2857142857142856,4.066666666666666,8276.019709372791,7934.723721083863
2025-11-20,693.2339042506653,601.0063246589663,867.6163907910045,2.2857142857142856,4.133333333333334,8246.36369022971,7954.504835881032
2025-11-21,538.5880198139038,596.311025760704,865.6190177677265,2.5714285714285716,4.2,8358.141355071879,7974.522398408636
2025-11-22,528.4538066719989,585.5971244312279,865.024567827678,2.4285714285714284,4.266666666666667,8169.681257310958,7995.688607849286
2025-11-23,647.3431294088855,595.0732866242084,865.7297679136193,2.4285714285714284,4.366666666666666,8211.637068926824,8059.322919791822
2025-11-24,629.2950688545253,600.3095402536352,866.8113882912597,2.7142857142857144,4.333333333333333,8049.394720509877,8016.727378602926
2025-11-25,621.1922734314829,600.7907657590978,866.7711662107782,2.7142857142857144,4.4,8297.060054297654,8040.45489569474
2025-11-26,621.6779064645857,611.3977298422925,867.0433757455093,3.0,4.366666666666666,8048.132756813143,8033.229144762912
2025-11-27,589.9226407815227,596.6389779181292,842.0123045647978,2.7142857142857144,4.1,8070.728711984382,8033.199922028932
2025-11-28,545.9466092720733,597.690204983582,815.0581974351462,2.142857142857143,3.8,8086.91420214722,8080.883248764754
2025-11-29,594.8739041785478,607.1787903416605,787.5467307794269,2.4285714285714284,3.7,8088.2276308343335,8056.118803917975
2025-11-30,557.4999391157525,594.3440488712129,759.0085259070142,2.142857142857143,3.5,7981.330215061823,8081.591535660985
2025-12-01,640.3883597847421,595.9288047183867,734.2762432084805,2.0,3.3,8164.7839065899925,8060.722788179984
2025-12-02,584.5538524612442,590.6947445797812,707.4432836896256,1.7142857142857142,3.1,8320.72087807512,8149.223748252184
2025-12-03,550.9062101192221,580.5845022447293,677.545695291154,2.0,2.933333333333333,8341.181385300742,8150.864891562484
2025-12-04,576.3861262986946,578.650714461468,651.6036862922886,2.0,2.6333333333333333,8410.869026121512,8183.083894436979
2025-12-05,613.3763395176221,588.2835330679751,624.987758169961,2.2857142857142856,2.5,8330.507033439832,8174.607865856131
2025-12-06,564.8178875861387,583.9898164119166,597.9928867585076,2.0,2.3333333333333335,8652.621439467452,8238.678416288567
2025-12-07,552.1674438705124,583.2280313768823,597.2596698604389,2.0,2.3333333333333335,8489.591780316889,8199.670102025995
2025-12-08,605.7371726459262,578.2778617856229,596.1088688821098,1.7142857142857142,2.2666666666666666,8468.516099266499,8179.491069429217
2025-12-09,606.0754890492633,581.3523812981971,595.415801008141,1.5714285714285714,2.1333333333333333,8070.996787388423,8138.65374524096
2025-12-10,568.7543501477672,583.9021155879892,593.489394745018,1.1428571428571428,2.1333333333333333,7816.1397856630265,8067.903364627987
2025-12-11,570.8239420579041,583.1075178393049,590.8028813128934,1.2857142857142858,2.066666666666667,7791.519335224606,8097.50863318004
2025-12-12,606.2527026291987,582.0898554266729,591.4289732282648,1.4285714285714286,2.1333333333333333,7807.3372246674435,8138.6524508443335
2025-12-13,522.5203371089473,576.0473482156456,588.1532594627741,1.5714285714285714,2.1333333333333333,7584.712585166007,8138.06150359433
2025-12-14,524.8257138874823,572.1413867894984,586.5989461889657,1.4285714285714286,2.066666666666667,7805.257455996262,8145.107515215176
2025-12-15,559.5510399661848,565.5433678352496,585.135610321894,1.8571428571428572,2.066666666666667,8119.442510888128,8204.50649157501
2025-12-16,585.0752418657108,562.5433325233137,585.2711185821503,2.0,2.0,8272.387079892393,8198.030013451618
2025-12-17,611.5673261536999,568.6594719527326,585.9019863389891,1.8571428571428572,2.0,8599.012488219647,8208.000680810352
2025-12-18,670.0641071437739,582.8366383935711,587.6433334140066,2.0,2.0,8493.427069680272,8232.927568091642
2025-12-19,639.4536258788938,587.5796274292418,590.7108156805624,1.5714285714285714,1.9666666666666666,8508.91172675847,8192.993921567659
2025-12-20,588.848066643118,597.0550173626947,587.2312877603108,1.2857142857142858,1.9,8506.539040148002,8198.769085241931
2025-12-21,596.1685311686515,607.2468484028617,589.1506381388024,1.5714285714285714,1.8333333333333333,8493.953155207342,8176.796935246785
2025-12-22,547.2672217543922,605.4920172297486,589.7777519748822,1.4285714285714286,1.8333333333333333,8381.712971281706,8253.980558168183
2025-12-23,596.7423816091597,607.1587514788126,588.0910603815579,1.4285714285714286,1.7666666666666666,8528.354342255247,8271.930710561583
2025-12-24,583.5094548852688,603.1504841547511,586.5648732492494,1.4285714285714286,1.7,8501.845754053256,8313.572588637142
2025-12-25,614.3526632706768,595.1917064585944,586.3368862438892,1.0,1.6,8324.47655699762,8239.324752054968
2025-12-26,557.1295364986527,583.4311222614172,584.1852739116914,1.1428571428571428,1.5333333333333334,8257.894026811642,8241.93821790064
2025-12-27,624.7327578108241,588.5575067139465,585.3456111460016,1.2857142857142858,1.5666666666666667,8561.13453674229,8313.197111018777
2025-12-28,675.6767261713908,599.9158202857664,589.6699483759788,1.1428571428571428,1.6,8545.838316447056,8283.879228583413
2025-12-29,593.8761215209157,606.5742345381269,589.6366889540578,1.4285714285714286,1.6,8457.282906205908,8340.093455754884
2025-12-30,619.6740634712022,609.8501890898473,591.709159765906,1.4285714285714286,1.6,8459.294641948889,8383.4557435019
2025-12-31,634.3700253743074,617.1159848739957,591.5085486188915,1.7142857142857142,1.6333333333333333,8433.42876318206,8376.256388508624
2026-01-01,580.0761506169565,612.2193402091785,591.3592918907486,1.8571428571428572,1.6333333333333333,8603.220501777769,8305.24133091892
2026-01-02,611.6161467242657,620.0031416699803,593.38295644425,2.142857142857143,1.5666666666666667,8374.267205685303,8249.658242657038
2026-01-03,601.3154910953311,616.6578178534813,594.2139352708047,1.8571428571428572,1.5333333333333334,8162.122143998755,8255.156171856801
2026-01-04,605.8440244061796,606.6817176013084,593.9628581004232,1.8571428571428572,1.5,8093.652748642896,8228.61322879746
2026-01-05,562.5840787084612,602.2114257709576,593.8883978045008,1.5714285714285714,1.5,7980.69692486761,8183.3110690149215
2026-01-06,602.7344250366783,599.7914774231685,595.5739638433728,1.5714285714285714,1.5,7738.148193662431,8208.118906615859
2026-01-07,626.6831793085001,598.6933565566247,596.2721640654586,1.4285714285714286,1.5666666666666667,7721.652184296689,8201.988141682335
2026-01-08,674.6147935584763,612.1988769768419,598.5568075490991,1.5714285714285714,1.6333333333333333,7819.821567707519,8246.633779660042
2026-01-09,650.2955028954813,617.7244992870154,601.2748459740229,1.4285714285714286,1.6333333333333333,8126.931843170613,8322.176389408809
2026-01-10,710.2654328892953,633.2887766861531,605.9228956684025,2.0,1.7,7947.194103823726,8291.480284529927
2026-01-11,564.5132802918115,627.3843846698148,604.5315815904897,2.142857142857143,1.6666666666666667,8176.6728995873955,8314.79155294545
2026-01-12,646.7710386947444,639.4110932392839,608.6732716433495,2.2857142857142856,1.6666666666666667,8103.581234385827,8304.380420499547
2026-01-13,612.5964555681247,640.8199547437762,611.5989630327042,2.4285714285714284,1.7333333333333334,8034.511077684202,8261.611418343045
2026-01-14,713.1938503645873,653.178622037503,616.7203900459843,2.2857142857142856,1.6666666666666667,8043.449907178366,8184.256534150058
2026-01-15,563.5631378584427,637.314099794641,616.0033199124088,2.2857142857142856,1.7,8061.696743815059,8197.472701241997
2026-01-16,562.266308439658,624.7385005866663,614.359952655274,2.5714285714285716,1.8,8045.446145478497,8193.010909435874
2026-01-17,574.5571166989923,605.351598273766,611.1763863071147,2.2857142857142856,1.7666666666666666,8327.243354864951,8252.704084406352
2026-01-18,498.6063111781996,595.9363169718214,606.4814758170917,2.0,1.7666666666666666,8182.077711161248,8238.53028263943
2026-01-19,578.7876947321485,586.2244106914504,606.1461300867257,2.0,1.8333333333333333,8258.509117910684,8246.506771977505
2026-01-20,567.3931611609983,579.766797204718,605.1869510864708,1.7142857142857142,1.7666666666666666,8339.055302863851,8225.468586129564
2026-01-21,613.1438319849901,565.4739374362042,607.3828380941574,2.2857142857142856,1.8666666666666667,8463.277930237526,8203.288357906416
2026-01-22,622.9862898725343,573.962959152503,608.2576350362699,2.2857142857142856,1.9,8465.200483352306,8182.736800831311
2026-01-23,699.9813814669672,593.6365410135471,612.1400325889932,2.142857142857143,1.9666666666666666,8405.362562029586,8170.498164630351
2026-01-24,653.968379837972,604.9810071762586,613.4605564745696,2.142857142857143,2.033333333333333,8058.449458194906,8190.631094685718
2026-01-25,577.8763535680458,616.3052989462366,614.1521170435495,2.857142857142857,2.1666666666666665,8242.1630049872,8234.859710880395
2026-01-26,562.0751512062446,613.9177927282502,612.06353015673,2.7142857142857144,2.1666666666666665,8109.3897130469995,8141.099646448605
2026-01-27,631.8661917714844,623.1282256726055,610.6031790100665,3.0,2.2,8187.468261081863,8141.848906544352
2026-01-28,541.5329212676236,612.8980955701245,608.8584056682902,2.4285714285714284,2.1,8117.080793035027,8123.90786483321
2026-01-29,699.39186833387,623.8131782074581,611.515665830379,2.2857142857142856,2.1,7952.630720771252,8064.515219223195
2026-01-30,667.0652844997132,619.1108786407077,612.6055078012258,2.7142857142857144,2.2,7860.183481062666,8036.7409321358255
2026-01-31,584.9088442809102,609.2452307039846,612.7665975900244,2.5714285714285716,2.2,7810.963615689804,8005.771154598527
2026-02-01,522.985248854098,601.4036443162777,609.8122343276854,2.142857142857143,2.1666666666666665,7740.54364833564,8086.990880832141
2026-02-02,676.6099424394092,617.7657573495869,612.3220493724881,1.8571428571428572,2.1666666666666665,7829.120126931222,8063.399175799514
2026-02-03,603.4636798910042,613.7082556523754,612.2427045553156,2.142857142857143,2.2666666666666666,8181.059932026879,8162.243916000616
2026-02-04,671.3558361748047,632.2543863534013,615.8684298041936,2.2857142857142856,2.2666666666666666,8025.687379844267,8134.405637661096
2026-02-05,530.0179860589099,608.0581174569785,613.4445485049347,2.5714285714285716,2.3333333333333335,8079.715441129979,8144.21424363229
2026-02-06,580.0449662734362,595.6266434246533,611.889941403766,2.142857142857143,2.3666666666666667,8124.984377259571,8130.851777160498
2026-02-07,610.5502508295306,599.2897015030276,609.7544566461344,2.4285714285714284,2.4,8383.255921446336,8137.239170470918
2026-02-08,612.911443954355,612.1363008030642,608.5083213480968,2.4285714285714284,2.4,8258.91754069643,8117.787543588164
2026-02-09,588.3334891146524,599.5253788995276,604.4439232222754,2.5714285714285716,2.3,8364.624152067867,8160.799520389814
2026-02-10,642.253607728486,605.066797162025,607.0352674701645,2.2857142857142856,2.3,7934.840398694884,8105.81633245903
2026-02-11,558.004438064478,588.8737402891212,604.0763807824891,2.4285714285714284,2.3,7932.580454337621,8094.505455649849
2026-02-12,604.5408337050396,599.5198613814255,603.8078600537195,2.4285714285714284,2.3333333333333335,7838.553395896673,8098.490784548532
2026-02-13,617.9489379641958,604.9347144801053,600.6330296403733,2.4285714285714284,2.4,7709.009145255192,8052.815599378425
2026-02-14,637.9304465040349,608.8461710050344,603.1119399285595,2.2857142857142856,2.4,7629.907362239429,8036.488314769938
2026-02-15,648.0635971280385,613.8679071727036,605.9718495515056,2.4285714285714284,2.3666666666666667,7634.023861864361,8021.789010744866
2026-02-16,556.5250970541971,609.3238511640672,605.3707822300124,2.5714285714285716,2.3666666666666667,7510.522382260765,7970.231293448837
2026-02-17,536.325841531806,594.19131313597,606.628099908466,2.2857142857142856,2.3666666666666667,7769.617427153435,8009.575599523872
2026-02-18,677.1897395860091,611.217784781903,609.9081680702614,2.4285714285714284,2.4,8011.678255269909,8036.911587700334
2026-02-19,630.1959475125599,614.8828010401202,612.0015942819801,2.4285714285714284,2.5,8190.047786218245,8063.722363997891
2026-02-20,576.4302685082491,608.9515625464136,610.7778088327553,2.2857142857142856,2.4,8208.80505038602,7993.438594079739
2026-02-21,691.6865425346996,616.6310048365085,613.0678172548274,2.4285714285714284,2.433333333333333,8183.076937855242,7970.659487487291
2026-02-22,620.1870238957129,612.6486372318905,610.4080053357856,2.2857142857142856,2.4,8184.661264227099,7970.292041257619
2026-02-23,673.6424998067578,629.3796947679706,611.0638093347453,2.142857142857143,2.3666666666666667,8172.915828152547,7996.94011310562
2026-02-24,618.3279130965685,641.0942764200796,612.4121946523626,2.7142857142857144,2.3333333333333335,7961.395269543728,7944.063127920396
2026-02-25,718.263733692659,646.9619898638866,617.6184807352432,2.5714285714285716,2.3666666666666667,7753.469676726229,7953.863579225488
2026-02-26,703.2677279932165,657.4008156468377,619.9985319426341,2.7142857142857144,2.433333333333333,7753.857540100812,7962.546529102314
2026-02-27,603.3268268695991,661.2431811270305,622.0583287960333,2.5714285714285716,2.433333333333333,7870.495721033927,7935.902077279482
2026-02-28,664.6279302637672,657.3776650883258,620.8995308603633,2.4285714285714284,2.466666666666667,7982.716519782739,7977.679507256636
2026-03-01,648.5925286178033,661.4355943343388,620.2837723309663,2.2857142857142856,2.3,8081.715277126427,8021.982793672496
2026-03-02,685.0296574376599,663.0623311387534,623.6211327695247,2.4285714285714284,2.3333333333333335,8069.83987618133,8057.344573886976
2026-03-03,568.6262549545339,655.9620942613199,625.1424996395392,2.0,2.3,8290.669650848811,8072.425861840135
2026-03-04,651.4493494059576,646.4171822203625,624.3038132050907,1.7142857142857142,2.3333333333333335,8258.644780915736,8054.085998488541
2026-03-05,670.3423491710116,641.7135566743333,626.533102181091,1.8571428571428572,2.3666666666666667,8092.343696845231,7941.846074226595
2026-03-06,529.7584989298731,631.2037955400866,621.8131909395933,1.7142857142857142,2.3,8224.39666289405,7982.267576657766
2026-03-07,558.8068960402367,616.0865049367251,622.7728212723042,1.7142857142857142,2.2666666666666666,8104.4742278700305,7983.456557495982
2026-03-08,516.2825612080169,597.1850810210415,620.6474077701236,2.142857142857143,2.3,8092.212695308074,8014.336067883813
2026-03-09,605.0481767962906,585.7591552151315,620.4640053023488,2.142857142857143,2.2666666666666666,7938.018167354322,7953.45576459884
2026-03-10,654.6699797308131,598.0511158974571,621.8559564948974,2.0,2.2,7967.684163578227,8004.471407179221
2026-03-11,694.1850679683131,604.1562185492221,625.3843424566861,2.5714285714285716,2.3333333333333335,8153.572552812412,8004.840625328935
2026-03-12,623.046302806997,597.3996404972202,624.7440989593032,2.142857142857143,2.3333333333333335,8211.14875706169,8006.318024512182
2026-03-13,701.0466894870694,621.869382005391,629.5121740067228,2.7142857142857144,2.3666666666666667,8022.24944226508,8003.190340507505
2026-03-14,550.8851877202568,620.7377093882509,627.7236524738968,2.857142857142857,2.3666666666666667,8302.27870122176,8091.659128738504
2026-03-15,534.9954870857403,623.41098451364,624.9585374446149,2.4285714285714284,2.3,8203.566911764237,8129.732880069258
2026-03-16,617.6615725311635,625.2128981900505,624.2829083121859,2.4285714285714284,2.3,8397.835846446449,8132.639077580477
2026-03-17,639.9165783454564,623.1052694207137,624.0113410194332,3.142857142857143,2.3666666666666667,7973.607270270893,8083.707535807413
2026-03-18,619.352916916283,612.4149621275666,626.1056016815027,2.5714285714285716,2.3333333333333335,7880.348877911142,8091.133474314022
2026-03-19,517.8898977414904,597.39261854678,625.4910702218255,2.4285714285714284,2.3666666666666667,7953.415052402753,8049.204137070356
2026-03-20,617.0803491903414,585.3974270758188,623.4874238753033,2.0,2.2666666666666666,8182.3612204673655,8043.0163657202465
2026-03-21,556.5872245632347,586.2120037676729,621.0337997769924,2.0,2.2666666666666666,7860.590632257222,8014.785792814263
2026-03-22,655.5686754524759,603.4367449629208,623.6717466751332,2.142857142857143,2.2666666666666666,7762.641097367528,8025.627957698276
2026-03-23,640.6893087383129,606.7264215639422,621.9718388819205,2.0,2.2,7859.25106458368,8057.079707150446
2026-03-24,575.6397555395993,597.5440183059625,620.4869299367167,1.2857142857142858,2.1333333333333333,8203.238275255135,8088.042171713955
2026-03-25,597.214747411629,594.3814226624405,617.9393381902123,1.2857142857142858,2.1333333333333333,8083.095748917155,8070.175455825764
2026-03-26,570.2217656065127,601.8574037860152,616.3357999405438,1.1428571428571428,2.0,8280.197917833091,8123.591421671208
2026-03-27,620.3228352597982,602.3206160816518,613.0711033261151,1.4285714285714286,2.0,8198.422610958938,8146.838717041212
2026-03-28,671.4882545710153,618.7350489399062,612.011787545375,1.2857142857142858,1.9333333333333333,8468.427280435397,8181.518732225666
2026-03-29,574.7191846516728,607.1851216826486,611.0581994714443,1.0,1.9,8604.006551210481,8196.780484739471
2026-03-30,649.4821611668386,608.4412434581521,610.5533405015466,1.0,1.8666666666666667,8303.384771417885,8131.902299198647
2026-03-31,598.041302894821,611.6414645088983,608.8682996441138,1.4285714285714286,1.9333333333333333,8204.955260541901,8116.798167844231
2026-04-01,585.1848906228224,609.9229135390688,605.5401407502858,1.5714285714285714,1.9333333333333333,8472.709582844966,8164.1783873806135
2026-04-02,619.7513626607083,616.9985702610967,607.2443110071584,1.7142857142857142,1.9333333333333333,8231.477925792158,8109.780019157989
2026-04-03,573.6151129599641,610.3260385039775,604.6498364589587,1.7142857142857142,2.0,8190.765621757216,8131.00024657089
2026-04-04,597.9691122360703,599.8233038846996,602.2373952277939,2.0,1.9666666666666666,8056.149407311328,8173.073398001089
2026-04-05,566.0320312964835,598.5822819768155,603.4465129733476,2.0,1.9666666666666666,7758.7253022599525,8088.123833924848
2026-04-06,724.4365309942419,609.2900490950159,608.9675008051478,2.0,1.9333333333333333,8197.895241166967,8153.700535634599
2026-04-07,628.2378003695055,613.6038344485423,612.6993421105307,1.7142857142857142,1.8333333333333333,8124.6864013055065,8124.3753659102995
2026-04-08,591.7626957937864,614.5435209015371,612.2564927437805,1.7142857142857142,1.8333333333333333,8062.534240611124,8193.232137807201
2026-04-09,637.7223151526233,617.1107998289535,611.6915705911742,1.8571428571428572,1.9,8187.589931849953,8161.091365088059
2026-04-10,621.6812655538673,623.9773930566541,609.2747771773594,1.4285714285714286,1.7333333333333334,8359.390349182575,8179.024399057262
2026-04-11,616.5235364842442,626.6280250921075,609.0573516332677,1.1428571428571428,1.7333333333333334,8408.798704715826,8219.191719120388
2026-04-12,658.5546998855732,639.8455491762631,607.6409519798846,1.1428571428571428,1.6,8701.11742236997,8246.52636261599
2026-04-13,665.9960988082637,631.4969160068376,611.4779823494847,1.5714285714285714,1.6333333333333333,8459.733969953413,8190.44009833865
2026-04-14,601.8700043478686,627.7300880037467,613.7071329248889,1.5714285714285714,1.6333333333333333,8652.342652639187,8229.089705447788
2026-04-15,599.8784981186576,628.8894883358711,613.1143637778055,2.0,1.7333333333333334,8401.809147166236,8194.159241308484
2026-04-16,615.191173715806,625.6707538448973,612.2901836234837,1.8571428571428572,1.6,8472.495375054468,8277.49858953756
2026-04-17,514.1220487591055,610.3051514456456,608.7824880182445,2.0,1.6,8237.113211294529,8262.269410180052
2026-04-18,553.7329023084537,601.335060849104,609.9772548371433,1.7142857142857142,1.5666666666666667,8343.076494194813,8310.112722205204
2026-04-19,698.1105172131042,606.9858918958942,612.678260437902,1.8571428571428572,1.5666666666666667,8396.641383755645,8296.525067383254
2026-04-20,712.2895379384386,613.599240343062,617.8683375504089,1.5714285714285714,1.5333333333333334,8527.047502334017,8345.94670135657
2026-04-21,617.8636987080522,615.8840538230883,616.6115049922613,1.4285714285714286,1.4666666666666666,8449.332211413805,8389.317632058584
2026-04-22,659.4176972611559,624.3896537005882,617.2357846096894,1.1428571428571428,1.5333333333333334,8469.953915187532,8336.656573116048
2026-04-23,646.426705258041,628.8518724923359,619.5953496003041,1.5714285714285714,1.6666666666666667,8320.738345401698,8304.915272571758
2026-04-24,785.0825863761227,667.5605207233384,625.8576108991206,1.7142857142857142,1.7,8491.592613844923,8357.585345329864
2026-04-25,687.3916399475862,686.6546261003572,629.7632733771565,2.4285714285714284,1.8666666666666667,8395.603005831752,8337.040576071557
2026-04-26,625.2913632243155,676.2518898162447,629.9288909759737,2.5714285714285716,1.8333333333333333,8510.24399156872,8369.283389525537
2026-04-27,584.1845691908293,657.9511799951576,627.0187681299674,2.7142857142857144,1.8666666666666667,8501.474928807173,8353.657819309985
2026-04-28,551.9136236304685,648.5297406983599,626.258582762594,2.857142857142857,1.9,8398.249847456174,8341.307734515914
2026-04-29,642.6834698592048,646.1391367837954,626.0319597190062,2.7142857142857144,1.9333333333333333,8501.552962276955,8382.895817649833
2026-04-30,594.967099224125,638.787764493236,625.9294862633163,2.142857142857143,1.8333333333333333,8593.251174153007,8395.51765241435
2026-05-01,561.9462994309531,606.9111520724974,625.1548665569208,2.2857142857142856,1.8666666666666667,8254.787311932812,8306.73681545036
2026-05-02,601.004689121207,594.5701590973005,624.5299774389372,1.7142857142857142,1.8666666666666667,8386.05562804292,8373.108706596733
2026-05-03,579.5302815751102,588.0328617188426,624.7271497261088,1.8571428571428572,1.8666666666666667,8297.297987990154,8394.140941646558
2026-05-04,718.2391119319548,607.1835106818605,628.7361497159717,1.8571428571428572,1.8333333333333333,8365.435722711663,8425.824626236728
2026-05-05,678.2383664482956,625.2299025129786,632.4763608876987,1.8571428571428572,1.8666666666666667,8286.745079015998,8464.512349092325
2026-05-06,634.0320949574888,623.9939918127335,629.4628796864737,2.0,1.9333333333333333,8521.95582073837,8458.50995288316
2026-05-07,708.7022823903175,640.2418751221895,632.1450290871674,2.0,1.9,8749.767334158301,8541.369870080001
2026-05-08,638.8478392506937,651.2278093821525,633.7145338690643,1.7142857142857142,1.8666666666666667,8900.355853644918,8502.228525158247
2026-05-09,592.1895622243961,649.968505539751,632.1967754381234,1.5714285714285714,1.8,8806.541972355559,8517.530849381375
2026-05-10,711.6843245767889,668.8476545399908,635.1968774055541,1.4285714285714286,1.8666666666666667,8779.86106134556,8492.250774484586
2026-05-11,662.7479713200355,660.920348738288,636.7376919000804,1.1428571428571428,1.8333333333333333,8504.658365478488,8448.191880414683
2026-05-12,584.2145098419762,647.4883692230995,634.2596855652938,1.5714285714285714,1.9666666666666666,8745.318412232537,8474.82591339359
2026-05-13,626.8342320766152,646.4601030972605,632.9542900075722,1.5714285714285714,1.9333333333333333,8708.932769235054,8516.656339382209
2026-05-14,592.8446017340543,629.9090058606515,632.6534432537785,1.7142857142857142,1.9333333333333333,8397.892174370876,8481.998091817395
2026-05-15,567.759876277572,619.7535825787769,631.5828225257422,1.7142857142857142,1.8,8650.133099023635,8560.170780591641
2026-05-16,533.4830886248674,611.36694349313,628.8592196893776,2.142857142857143,1.8666666666666667,8391.140773568992,8498.548109034764
2026-05-17,582.9193916942884,592.9719530813442,631.1524644538838,1.8571428571428572,1.8333333333333333,8219.80122272357,8488.211310484696
2026-05-18,417.79452940232136,557.9786042359564,626.6211853570127,1.7142857142857142,1.8333333333333333,8395.690011606728,8460.468367810796
2026-05-19,516.1457183503036,548.2544911657175,620.5556920615859,1.1428571428571428,1.8,8338.115539854834,8461.169883150069
2026-05-20,455.7394764821803,523.8123832236554,612.0040233463773,1.0,1.8,8173.200474276925,8434.092032835553
2026-05-21,464.18968417253336,505.43310928629523,606.8815561951935,0.8571428571428571,1.8,8325.241120415212,8453.043503917725
2026-05-22,459.20060557132126,489.9246420425451,600.2076531388656,0.8571428571428571,1.7333333333333334,8272.30889428061,8514.053609046692
2026-05-23,445.8951117217705,477.4120739135313,593.5232666876566,1.0,1.7333333333333334,8556.266865217282,8553.504763658399
2026-05-24,491.79508002549926,464.39431510370423,583.7470164759691,1.0,1.6666666666666667,8705.767790953663,8538.185518476736
2026-05-25,448.0958412302026,468.7230739362587,575.7704898520564,1.1428571428571428,1.5333333333333334,8749.036055825176,8542.93607947593
2026-05-26,503.4405367622429,466.90804799510715,571.7087956366538,1.7142857142857142,1.6,8671.718594959366,8498.847290607886
2026-05-27,487.6801384232907,471.47099970098003,568.4919812777359,1.4285714285714286,1.5,8950.456459422738,8538.854389979186
2026-05-28,478.51898997492367,473.51804338703585,566.0454934892178,1.8571428571428572,1.5666666666666667,8786.202824028305,8543.565865117887
2026-05-29,445.36255763866086,471.54117939665576,559.468129748533,2.142857142857143,1.6,8946.674539173855,8617.915310322634
2026-05-30,462.1765226348207,473.8670952413772,555.0417771955562,1.5714285714285714,1.6,8855.082198467428,8614.598669331765
2026-05-31,529.0589988770216,479.1905122201661,553.9455338437584,1.7142857142857142,1.5333333333333334,8736.990214406453,8650.699529053918
2026-06-01,516.6096453894495,488.97819852863,551.1323657193665,1.8571428571428572,1.5666666666666667,8841.723897187929,8649.258675609766
2026-06-02,442.9603721907995,480.3381750184238,546.5800354065562,2.0,1.6333333333333333,8914.674977939965,8642.901921596174
2026-06-03,497.07909812468495,481.6808835471944,539.2080349463139,2.0,1.5333333333333334,8812.046866490587,8643.063656860935
2026-06-04,529.9561874443096,489.02905461424956,534.265295646181,2.0,1.6,9041.636155388911,8719.707116271567
2026-06-05,409.1909156421482,483.8616771861763,526.7705896690029,1.8571428571428572,1.5666666666666667,8848.23659021437,8694.047489867035
2026-06-06,520.1035377397101,492.13696505830336,520.4839648473161,1.8571428571428572,1.5666666666666667,8774.72997807621,8620.423286245943
2026-06-07,460.0786885959176,482.2826350181457,514.5249931588236,2.142857142857143,1.6333333333333333,9039.056754102347,8683.063072493986
2026-06-08,522.0141583953643,483.0547083047049,512.1858130311891,1.8571428571428572,1.6333333333333333,8885.079055264885,8667.583994955274
2026-06-09,455.5956155610771,484.8597430718874,503.64952273066535,1.2857142857142858,1.6,8930.842784595252,8678.130990354437
2026-06-10,403.7888167774737,471.5325600222858,495.01755091258,1.2857142857142858,1.5666666666666667,8576.712527728634,8659.8762947193
2026-06-11,412.93014833903806,454.8145544358184,489.30807219581544,1.2857142857142858,1.5333333333333334,8475.866194811308,8656.834932206613
2026-06-12,496.9858659887618,467.3566901996204,484.9797933262204,1.2857142857142858,1.5,8372.820191726581,8615.621221781725
2026-06-13,507.8420921642635,465.60505511741377,482.1463763405606,2.0,1.6333333333333333,8621.335543665875,8672.560072414775
2026-06-14,449.9144842454655,464.153025924492,478.2181966061571,1.5714285714285714,1.6,8569.059018365831,8664.145787007164
2026-06-15,527.3342868620512,464.91304427687584,478.01323654739656,1.7142857142857142,1.5333333333333334,8619.72198743813,8720.91961152474
2026-06-16,412.603009232231,458.771243372755,472.3360237986613,1.5714285714285714,1.5333333333333334,8627.961248346679,8773.368329666495
2026-06-17,492.6493708358098,471.4656082382316,474.8311851797775,1.7142857142857142,1.5666666666666667,8789.117378817773,8751.676013735212
2026-06-18,435.6768992025493,474.715144075876,472.1488912081858,1.5714285714285714,1.6333333333333333,8941.177736109295,8797.549444665987
2026-06-19,463.9102522230607,469.9900563950616,472.42125039954846,1.5714285714285714,1.6333333333333333,9262.121408511606,8869.70277310315
2026-06-20,499.146339601486,468.74780602895044,473.5864722471802,0.8571428571428571,1.6333333333333333,9139.110556170255,8862.46294075762
2026-06-21,454.0300861939643,469.3357491644503,473.41412160126833,0.8571428571428571,1.6,9216.29940210486,8884.410238832821
2026-06-22,478.0973256691672,462.3018975654669,474.48752873284815,0.7142857142857143,1.4666666666666666,9117.37166780866,8851.844065462728
2026-06-23,547.914091763877,481.6320522128449,476.35816245746076,1.1428571428571428,1.5666666666666667,9001.046096794917,8842.266601029454
2026-06-24,469.0292062494941,478.2577429862284,477.0559412914372,1.0,1.5333333333333334,9097.984182921271,8833.097243390968
2026-06-25,539.9327537514052,493.15143649320777,478.27234852440927,1.1428571428571428,1.5,8977.234029187672,8868.83637931926
2026-06-26,441.93715383776384,490.01242243816534,476.74758237155834,0.8571428571428571,1.5,8715.510865851615,8814.882134603222
2026-06-27,525.1870538889054,493.7325244792252,478.3031845020244,1.1428571428571428,1.4666666666666666,8737.138891626328,8851.014689863825
2026-06-28,571.0496244485328,510.4496013727351,482.4927533956868,1.1428571428571428,1.3666666666666667,8645.19027922781,8814.06391151208
2026-06-29,375.66331683177,495.81617153882115,479.6089798689184,1.2857142857142858,1.4,8599.445830413937,8792.19557958358
2026-06-30,459.67512748710715,483.21060521356833,477.29618415592125,1.2857142857142858,1.4666666666666666,8691.904714873608,8831.746651138457
2026-07-01,528.6478450421546,491.72755361251984,477.6974574776781,1.4285714285714286,1.4333333333333333,8776.125961719612,8817.79105844836
2026-07-02,489.9163178034745,484.58234847710116,479.2626556647673,1.0,1.2666666666666666,8742.134235621783,8828.57687277835
2026-07-03,518.9002291966862,495.5770735283758,479.99002670050066,1.0,1.2666666666666666,8886.082362822226,8832.157083747272
2026-07-04,470.4180246148262,487.7529264892216,478.0054212728512,0.8571428571428571,1.2,8688.775179399801,8768.680462133032
2026-07-05,505.22112174675885,478.3488546746825,481.2064281430049,0.8571428571428571,1.1333333333333333,8677.696935787517,8774.271325479145
2026-07-06,493.3821190260064,495.1658264167163,480.3157141858814,0.8571428571428571,1.1666666666666667,8682.050952679781,8770.570473657746
2026-07-07,559.8294323010973,509.47358424728634,483.64073897605414,0.42857142857142855,1.0666666666666667,8568.790639265326,8722.01789100982
2026-07-08,514.4357198056642,507.4432806420734,483.38812435639744,0.42857142857142855,1.1,8405.23149506812,8705.826627735782
2026-07-09,518.8691591668603,511.5794008368428,485.4972424765902,0.42857142857142855,1.0666666666666667,8272.984232728364,8675.07654400941
2026-07-10,481.66952617947334,506.26072897724094,488.09326612332353,0.42857142857142855,1.0666666666666667,8094.645672715847,8719.674817577621
2026-07-11,478.1574117044686,507.3663557043327,490.2675082355046,0.7142857142857143,1.0666666666666667,8216.172118244021,8708.085177600666
2026-07-12,481.1841619396089,503.9325043033113,489.7407847671994,1.0,1.0666666666666667,8279.994729593343,8752.61205098139
2026-07-13,522.8090268720014,508.1363482813105,490.2396825907907,1.0,0.9333333333333333,8359.140849677704,8709.391711727174
2026-07-14,482.3115441345699,497.0623642575209,491.31958458709414,1.1428571428571428,0.9666666666666667,8291.396225364515,8657.229905976179
2026-07-15,518.1238594429002,497.5892413485547,491.01257033978914,1.0,0.9333333333333333,8537.764770008615,8686.703277002229
2026-07-16,607.6795049528481,510.27643360369575,497.51512019714306,1.5714285714285714,1.0666666666666667,8534.280291881543,8653.217654167545
2026-07-17,547.7400486146573,519.7150796658649,499.35147612310465,1.5714285714285714,1.0333333333333334,8574.044421201716,8669.491127467209
2026-07-18,488.1569852571772,521.1435901733947,501.1008123249256,1.2857142857142858,1.0,8632.489409979817,8636.057901503787
2026-07-19,564.793206396263,533.0877393814882,504.4635774640323,1.2857142857142858,1.0,8536.557710973297,8583.313854889117
2026-07-20,484.6030900594849,527.6297484082716,503.97880247929896,1.1428571428571428,1.0,8657.34206064323,8596.979062770868
2026-07-21,403.3749803741663,516.3530964424996,502.2902989519724,1.1428571428571428,1.0333333333333334,8861.563720587836,8574.45824695554
2026-07-22,455.15124000968535,507.35700795204036,501.52542942998963,1.5714285714285714,1.1333333333333333,8594.079536495674,8564.601779695866
2026-07-23,412.2903079267594,479.4442655197419,497.00463663541905,1.2857142857142858,1.1,8920.289977808841,8634.37455973746
2026-07-24,488.5285781984833,470.985484031717,497.6546157003853,1.4285714285714286,1.1333333333333333,8981.300826451898,8642.265010957686
2026-07-25,507.2995197825229,473.7201318210522,496.5668412347559,1.2857142857142858,1.0333333333333334,8918.113091590614,8622.263016064473
2026-07-26,590.474814859306,477.38893303005835,501.51809660214064,1.2857142857142858,1.1,9021.896936553392,8654.803938052866
2026-07-27,523.2736663562466,482.9133010724528,501.45431701771867,1.4285714285714286,1.0666666666666667,8967.543557330278,8650.740151435124
2026-07-28,496.2466196500918,496.18067811187075,498.9608835244373,1.2857142857142858,1.0666666666666667,8964.41088479923,8648.943054922205
2026-07-29,548.946273572206,509.5799686208023,504.73698208245185,0.8571428571428571,1.0333333333333334,9335.166281453103,8736.269884938338
2026-07-30,397.1935774851338,507.4232928434272,502.65426374905275,0.5714285714285714,0.9333333333333333,9093.191767067436,8728.008205249354
2026-07-31,519.805419263453,511.89141299556576,502.359516223096,0.5714285714285714,0.9333333333333333,9005.242316932834,8695.725493840773
2026-08-01,546.8422994748696,517.5403815230438,504.25704894547584,0.5714285714285714,0.9333333333333333,9008.738131414266,8684.470591749387
2026-08-02,434.64407591402573,495.2788473880038,501.4485105027205,0.2857142857142857,0.9333333333333333,9029.832326691721,8688.345596289082
2026-08-03,566.0354387858608,501.38767202080584,504.635757641755,0.14285714285714285,0.9,8838.002713934195,8685.55990949315
2026-08-04,526.0469054227317,505.64485570261155,505.3299504309541,0.14285714285714285,0.9,8627.126927481706,8637.143386317515
2026-08-05,488.6320377754675,497.0285363030775,505.17161438926945,0.2857142857142857,0.9,8305.297344299219,8648.360709649538
2026-08-06,541.3098751983183,517.6165788335323,504.55429581917684,0.42857142857142855,0.9333333333333333,8168.254503898422,8634.54977366374
2026-08-07,623.4797732057204,532.4272008252849,508.18909759917875,0.7142857142857143,1.0,8183.784499291751,8644.054528159619
2026-08-08,519.312791490922,528.4944139704352,508.20388534331414,1.1428571428571428,1.1,8265.506992623501,8682.725902391585
2026-08-09,522.9048564755105,541.1030969077902,509.57839635318203,1.1428571428571428,1.1,8076.1953703558265,8684.04052573841
2026-08-10,487.8001306059782,529.9266243106641,509.89982031656564,1.2857142857142858,1.0333333333333334,8049.421537837057,8646.651440731523
2026-08-11,468.5503055322474,521.7128243263093,509.47869176965366,1.2857142857142858,0.9666666666666667,8245.923351315183,8629.193398052612
2026-08-12,552.8336632551958,530.8844851091275,510.4795129824268,1.2857142857142858,0.9666666666666667,8431.551429033558,8665.256511499238
2026-08-13,468.7870295550367,520.5240785886588,510.0286958297757,1.1428571428571428,0.9333333333333333,8419.386412288299,8664.414150612625
2026-08-14,515.4438811339463,505.0903797212624,509.9393632194772,0.7142857142857143,0.9333333333333333,8581.215792607823,8654.193100099434
2026-08-15,488.2570453572174,500.6538445593047,505.9586145662895,0.7142857142857143,0.9,8603.767826290166,8698.939660420265
2026-08-16,536.3632574052895,502.5764732635588,505.57938819264393,1.1428571428571428,1.0,8779.210445271796,8731.912598021428
2026-08-17,529.3717198048139,508.5152717205353,506.95321267756515,1.0,0.9666666666666667,9095.51546498212,8754.690853565395
2026-08-18,564.8399601758579,522.2709366696225,506.954771136885,1.0,0.9,9288.485483653008,8804.643211677878
2026-08-19,487.73649144272224,512.9713406964121,507.05921784965955,1.1428571428571428,0.9666666666666667,9112.778367433388,8771.524983083607
2026-08-20,500.01791304328754,517.4328954804479,510.28064893863024,1.8571428571428572,1.1,9288.481385471614,8764.02827241884
2026-08-21,464.84782244133726,510.20488709578933,510.6038683530187,1.8571428571428572,1.0,9146.202739756689,8783.021847527005
2026-08-22,491.8456936491437,510.7175511374931,513.2557145437648,1.4285714285714286,0.9333333333333333,9082.351710966052,8736.754064823614
2026-08-23,533.1997297276885,510.2656186121216,514.7447529280716,1.2857142857142858,0.9666666666666667,9151.509264677175,8771.627900273994
2026-08-24,552.45848433021,513.5637278300353,516.2500517463279,1.5714285714285714,1.0333333333333334,8890.200705752319,8748.17796353646
2026-08-25,468.7751357115577,499.8401814779924,512.1933957747362,1.5714285714285714,0.9666666666666667,8593.407814498873,8704.662416531824
2026-08-26,558.6380463482185,509.96897503592044,513.3722084411353,1.4285714285714286,0.9666666666666667,8815.031954607837,8735.938942448372
2026-08-27,583.2139917056796,521.8541291305479,516.2711208429884,0.8571428571428571,1.0,8930.434574536532,8756.100466690876
2026-08-28,536.3781923491138,532.0727534030874,515.8521848022185,0.8571428571428571,1.0,8927.286457242775,8687.849888544595
2026-08-29,609.8205862383286,548.9263094872566,522.9397517606583,1.0,1.0333333333333334,9004.421826608504,8716.04107871653
2026-08-30,477.5656840777431,540.9785886801217,521.5317605878014,0.8571428571428571,1.0333333333333334,8883.950621010768,8743.326504558845
2026-08-31,454.2967572898476,526.9554848172127,518.4469091816339,0.7142857142857143,1.0666666666666667,9173.070612515476,8786.52220912674
2026-09-01,427.867828432701,521.111583777376,518.2210342655898,0.8571428571428571,1.1,9291.660729753663,8765.75571057961
2026-09-02,591.8804048748707,525.8604921383263,519.0825331352235,0.8571428571428571,1.1333333333333333,9222.708386065311,8825.703599278966
2026-09-03,550.070820540611,521.1257534004593,519.8833303058194,0.7142857142857143,1.1333333333333333,9382.72472537073,8932.40661953165
2026-09-04,514.8476525998819,518.049962007712,520.7571841332999,0.7142857142857143,1.1,9496.76510599208,8965.859032939596
2026-09-05,531.8996658838923,506.9184019570782,520.4435104894858,1.1428571428571428,1.2,9415.094071357025,9006.970311123538
2026-09-06,461.901130625479,504.68060860675484,515.057555736811,1.2857142857142858,1.1666666666666667,9441.735851335428,9036.848486702369
2026-09-07,640.7375303937356,531.3150047644531,519.1050470335715,1.4285714285714286,1.1333333333333333,9262.644758004893,9019.187687715732
2026-09-08,525.1853389341524,545.2175062646604,519.1810631155262,1.2857142857142858,1.1333333333333333,9489.948700408624,9095.631487591929
2026-09-09,524.4683679881322,535.5872152808406,520.4033376949313,1.2857142857142858,1.1333333333333333,9414.724025221509,9144.27417966867
2026-09-10,555.5613078753187,536.3715706143703,523.3037044397004,2.142857142857143,1.3333333333333333,9140.153852310423,9141.060403097206
2026-09-11,543.5977866897164,540.4787326272037,522.9958418875177,2.2857142857142856,1.3333333333333333,9000.758671053118,9098.674056077492
2026-09-12,531.0158747393338,540.3524767494097,525.0701367269943,1.8571428571428572,1.3666666666666667,9138.81817877099,9174.83772330283
2026-09-13,480.5722991756081,543.0197865422853,523.9077506617164,1.8571428571428572,1.4333333333333333,9158.83748974357,9171.62688270071
2026-09-14,543.9437882271702,529.1921090899189,525.7639754240481,1.5714285714285714,1.3333333333333333,9151.610728961328,9147.017698339003
2026-09-15,614.7459436166185,541.986481187414,528.3767316310924,1.7142857142857142,1.2666666666666666,8954.695997605768,9136.578116469855
2026-09-16,588.1900695231124,551.0895814066969,530.337343288369,1.7142857142857142,1.3,8765.733551278236,9067.325066471098
2026-09-17,600.8527469698299,557.5597869916271,531.5377695148347,1.0,1.3333333333333333,8763.285384619025,9018.513713322609
2026-09-18,495.90698023879736,550.7468146414957,531.8101191413706,0.8571428571428571,1.2666666666666666,8905.301083992224,9050.26268994122
2026-09-19,472.2618714699242,542.3533856030086,530.8849177555918,0.8571428571428571,1.1333333333333333,8937.922183950943,9093.04057628134
2026-09-20,515.7271149003674,547.3755021351171,532.5808941708927,0.5714285714285714,1.1333333333333333,8766.701891127002,9083.076684687116
2026-09-21,525.0770549422812,544.6802545229901,533.6886062139973,0.7142857142857143,1.1666666666666667,8654.495016048235,9047.184469524847
2026-09-22,577.2747336738903,539.3272245311719,535.1577730122041,0.7142857142857143,1.1333333333333333,8522.338676084715,8989.771645798282
2026-09-23,438.2162746870986,517.9023966974556,531.3496993574338,1.1428571428571428,1.2,8550.413078156856,8988.041286698824
2026-09-24,599.5913705683668,517.7222000686751,535.7102405193274,1.1428571428571428,1.2333333333333334,8690.803403216083,9041.239350689957
2026-09-25,515.4878080888832,520.519461190116,534.2718992440163,1.2857142857142858,1.2333333333333334,8792.688394018985,9045.049192470491
2026-09-26,502.3184979429582,524.813264971978,531.5753827852589,1.1428571428571428,1.2,8637.987444147539,9024.802912523908
2026-09-27,473.3316810998174,518.7567744290423,529.4738324102823,1.1428571428571428,1.2,8843.33048542391,9063.48695792938
2026-09-28,441.4684146920339,506.8126829647212,523.8620933587391,1.0,1.1666666666666667,8979.613352845083,9041.395825646714
2026-09-29,565.6441259059146,505.1511675692961,526.7980414196782,0.8571428571428571,1.1333333333333333,9037.145951566012,9025.517222927838
2026-09-30,528.4258434897357,518.0382488268157,529.2690109596745,0.42857142857142855,1.1333333333333333,9154.641342447543,8983.741123682972
2026-10-01,460.53624856575937,498.1732313978718,530.357958297443,0.7142857142857143,1.2,8970.804930384922,8966.372997503919
2026-10-02,460.55470337212785,490.32564500976383,525.9804349140182,0.7142857142857143,1.2,8613.63233392785,8902.93144697175
2026-10-03,508.7937554332988,491.2506817940983,524.6045327437745,1.2857142857142858,1.3333333333333333,8630.142054255377,8849.20028926366
2026-10-04,609.3084150847715,510.67592950623447,527.7532248266042,1.2857142857142858,1.3333333333333333,8501.222273280937,8831.193630296782
2026-10-05,513.1521196746181,520.9164587894609,527.1283066196283,1.2857142857142858,1.2,8627.343362547059,8857.587326924388
2026-10-06,451.2488880093896,504.57428194710013,526.7732318657587,1.4285714285714286,1.1666666666666667,8696.152664848172,8851.547812747478
2026-10-07,514.3932308834943,502.56962300335135,522.5617552154173,1.2857142857142858,1.1,8701.51103156923,8852.809920847985
2026-10-08,513.3185540229046,510.10995235437207,522.1661957183758,0.8571428571428571,1.1,8679.506621406255,8777.269845736699
2026-10-09,392.3847487857061,500.3713874134547,517.7634084116282,1.1428571428571428,1.1666666666666667,8886.994080717579,8779.794459920833
2026-10-10,524.7886860293906,502.6563774986107,516.7376543500973,0.8571428571428571,1.0333333333333334,8931.333959060226,8800.475647505282
2026-10-11,516.2310512673439,489.3596112389782,515.8254298360182,0.8571428571428571,1.0,8801.613390129967,8784.726398081379
2026-10-12,562.8624444409452,496.46108620559636,516.8869821594052,1.0,1.0,8704.549755252323,8756.258028103366
2026-10-13,620.7742793700381,520.6789992571175,521.5603814992196,0.8571428571428571,0.9333333333333333,8692.88813545452,8742.826296746702
2026-10-14,584.9290745226554,530.7555483484263,522.926557709069,0.8571428571428571,0.9333333333333333,8641.616460771982,8733.81125827047
2026-10-15,515.4307369400226,531.0572887651575,519.6160508198493,0.8571428571428571,0.9,8672.391283769395,8711.398745841545
2026-10-16,473.8232244531771,542.6913567176532,515.8038226508514,0.5714285714285714,0.9,8669.997753019525,8757.4561069938
2026-10-17,658.0918584752502,561.7346670670618,517.7117930343653,0.42857142857142855,0.9,8463.59885821867,8730.548791345198
2026-10-18,532.6591384359782,564.081536662581,518.9368649742714,0.42857142857142855,0.9,8648.572111449499,8724.822971154745
2026-10-19,530.6690297533976,559.4824774215028,520.8837702503872,0.2857142857142857,0.8666666666666667,8551.016261572902,8665.97997954849
2026-10-20,529.0406592247467,546.377674543604,521.3275550611999,0.5714285714285714,0.9333333333333333,8627.6421789158,8710.379030564085
2026-10-21,540.4255000411363,540.0200210462441,521.8391698978284,0.8571428571428571,0.9666666666666667,8976.60049316325,8808.969202930639
2026-10-22,523.5775898290428,541.183857173247,520.0492651030002,1.1428571428571428,1.0,8917.807367304913,8803.674773792924
2026-10-23,502.38685850372485,545.2643763233252,522.1882845635542,1.5714285714285714,1.0,8954.859176907257,8851.826863368893
2026-10-24,504.0013602082135,523.2514479994628,519.0019508848825,1.5714285714285714,1.0,9013.260823818284,8805.788856152378
2026-10-25,529.9809921819299,522.8688556774559,519.4850570213174,1.7142857142857142,1.0,9078.710176360024,8791.561387034319
2026-10-26,504.7217655585381,519.1621036496189,519.5651659418368,2.0,1.0666666666666667,9027.54906335996,8756.877690698055
2026-10-27,496.5250634038647,514.5170185323501,520.338278685305,1.8571428571428572,1.1,9010.75978248107,8749.44586654409
2026-10-28,537.7632123448143,514.1366917185898,523.548105273731,1.7142857142857142,1.1333333333333333,8643.387395048188,8730.5164794447
2026-10-29,519.9671885116733,513.6209201018227,522.025540693923,1.5714285714285714,1.1666666666666667,8775.659214713682,8742.661201860716
2026-10-30,608.190047234347,528.7356613490543,524.6843474854101,1.7142857142857142,1.3,8624.516709411433,8728.131115660468
2026-10-31,400.7162558080586,513.9806464347465,522.6903477268199,2.0,1.3,8797.549415320771,8765.362569304076
2026-11-01,588.1144372463289,522.2854243010893,526.9423388559601,1.8571428571428572,1.2666666666666666,8614.292101407484,8791.715332779568
2026-11-02,596.1177026975838,535.3419867495244,529.8531370981029,2.2857142857142856,1.3,8855.266260803794,8809.40667222602
2026-11-03,430.41827987479144,525.8981605310854,523.8901325911036,2.142857142857143,1.3,8728.040968452306,8802.370228750742
2026-11-04,517.227760213678,522.9645245123515,524.0259872757389,2.2857142857142856,1.3666666666666667,8807.517733525045,8772.55716600623
2026-11-05,516.0644450404025,522.4069897307414,526.1865058434392,2.142857142857143,1.3333333333333333,8801.924858189412,8767.341380307003
2026-11-06,464.5352520267976,501.884876129663,524.5245732148827,1.7142857142857142,1.4,8827.039912692377,8757.421187922535
2026-11-07,496.29435080564144,515.5388897007463,523.9570997743073,1.7142857142857142,1.5,8737.558933828443,8778.908108869253
2026-11-08,479.9307413343903,500.0840759990407,526.87529952593,2.0,1.4666666666666666,8986.77312952411,8814.997110834425
2026-11-09,623.3474042013595,503.97403335672294,530.1605901316624,1.5714285714285714,1.4666666666666666,8834.37612191323,8786.783176891719
2026-11-10,582.7921501100479,525.7417291046168,532.3792934264192,1.7142857142857142,1.5,9015.209616240205,8852.209348176464
2026-11-11,599.8603336248794,537.5463824490741,533.6125563992169,1.8571428571428572,1.5666666666666667,9201.86733654623,8888.597934974807
2026-11-12,572.6405304998298,545.6286803718494,532.0080981035434,2.2857142857142856,1.6666666666666667,9102.601721496052,8862.941217050027
2026-11-13,480.3786871593031,547.8920282479216,528.5230851914316,2.0,1.6666666666666667,9042.761392619765,8851.021672020352
2026-11-14,510.8796108286725,549.9756368226405,528.37138098772,1.7142857142857142,1.7,9067.488887950005,8871.09754984473
2026-11-15,561.8487006265536,561.6782024358065,531.3055635268325,1.5714285714285714,1.7,8872.989230088317,8862.361788817141
2026-11-16,476.5479305430571,540.706849056049,525.254099262426,1.4285714285714286,1.7,9162.04752399659,8949.754532239902
2026-11-17,573.5785909187703,539.3906263144379,526.6180810118525,1.4285714285714286,1.7333333333333334,9043.788335554342,8944.42646713426
2026-11-18,526.1867479247408,528.8658283572753,526.4686716175639,1.1428571428571428,1.7666666666666666,8803.4022710013,8947.488003841434
2026-11-19,519.7363258776642,521.3080848398231,526.1585271726611,1.1428571428571428,1.8,8793.54968905642,8901.652969416173
2026-11-20,574.2997130878152,534.7253742581819,527.2876676075505,1.1428571428571428,1.7333333333333334,9071.085638354232,8873.06820589825
2026-11-21,561.2392286744392,541.9196053790058,528.5430555690637,1.0,1.6666666666666667,8979.875458455228,8885.58010444647
2026-11-22,521.2521032316797,536.1200914654524,529.1718970599956,0.8571428571428571,1.5333333333333334,9011.380519666363,8875.550102127601
2026-11-23,597.5412501133428,553.4048514040646,532.2898933901665,0.8571428571428571,1.5333333333333334,8869.12797943828,8916.123535217901
2026-11-24,485.795941987632,540.8644729853306,530.8170583836899,0.7142857142857143,1.5,8817.747306127609,8883.535130746697
2026-11-25,570.9202371373366,547.2549714442729,533.0236741029833,0.5714285714285714,1.4333333333333333,8910.521666671279,8920.181611280741
2026-11-26,570.0528681110392,554.4430489061835,535.4746009265557,0.42857142857142855,1.4666666666666666,8999.705677165946,8899.073678175979
2026-11-27,525.1948316694171,547.4280658464123,535.0556549040424,0.5714285714285714,1.4666666666666666,8936.058279422472,8941.358078918915
2026-11-28,557.2531531697191,546.8586264885952,536.2985203926439,0.5714285714285714,1.4333333333333333,9054.875894526009,8950.730663069346
2026-11-29,478.66517166084463,540.774779121333,531.9810245401939,0.5714285714285714,1.2666666666666666,9023.336169730854,8968.607976202133
2026-11-30,587.6965498629513,539.3683933712771,538.2137010086904,0.7142857142857143,1.2333333333333334,8956.568238153717,8953.227927212256
2026-12-01,532.5244405029534,546.0438931591801,536.3607011172445,0.7142857142857143,1.2333333333333334,8954.355109151626,8962.883165886997
2026-12-02,515.9077447216475,538.1849656712246,533.68703585138,0.8571428571428571,1.1,8789.19728409415,8904.765516715157
2026-12-03,594.7687054619405,541.7157995784962,539.1653833709515,0.8571428571428571,1.1666666666666667,8816.66751746386,8919.753206278674
2026-12-04,507.3754080654546,539.170167635073,538.8369716326774,0.7142857142857143,1.1,8957.420751838557,8976.335449858734
2026-12-05,472.4438761969112,527.0545566389576,537.3829526712277,1.0,1.1666666666666667,8820.114143953371,8954.974829747604
2026-12-06,465.30983076139046,525.1466507961784,537.4087719623808,1.1428571428571428,1.1333333333333333,8765.357053159261,8954.215308977737
2026-12-07,573.7161354273644,523.1494487339518,539.9894981164383,1.1428571428571428,1.1,8656.730986235689,8934.368072773947
2026-12-08,479.6685186577647,515.5986027560676,539.9807573605508,1.2857142857142858,1.0666666666666667,8789.310854747719,8916.80863510584
2026-12-09,631.7040438042936,532.1409311964456,540.2593120139819,1.2857142857142858,1.0333333333333334,8990.3926359949,8941.169370000882
2026-12-10,440.1422127333859,510.05143223522356,535.5043141014264,1.2857142857142858,1.0666666666666667,8950.021821454142,8904.542720828593
2026-12-11,629.3358499645706,527.4743525065259,536.4868313127496,1.4285714285714286,1.0,8674.108049686036,8853.191616258022
2026-12-12,555.3382533326961,539.3164063830666,535.9100887405117,1.4285714285714286,0.9666666666666667,8772.333092963572,8877.91214975669
2026-12-13,540.2260728015422,550.0187266745168,537.905001595253,1.4285714285714286,1.0,8698.608649187267,8873.913002176821
2026-12-14,518.0901224771108,542.0721533959091,538.1453519835343,1.1428571428571428,0.9666666666666667,8826.466427662594,8878.129498706885
2026-12-15,565.5672309576584,554.3433980101796,538.2693029945711,1.0,0.9333333333333333,8892.106253149932,8921.269273820217
2026-12-16,544.003038541309,541.8146829726104,540.5178065945129,1.1428571428571428,0.9666666666666667,8705.917398715723,8834.739007435348
2026-12-17,601.3242161858741,564.840683465823,541.442660770083,1.0,0.9666666666666667,8588.27837437915,8798.257063221048
2026-12-18,552.1448529406466,553.8133981766911,542.3079309372798,1.1428571428571428,1.0,8822.018850862485,8857.535484892298
2026-12-19,554.222907003135,553.6540629867537,543.4574836414622,0.8571428571428571,0.9,8749.983023553348,8867.746594472641
2026-12-20,528.8015567418449,552.0219892639399,541.9408784299299,0.8571428571428571,0.9333333333333333,9032.480963604607,8864.905244735242
2026-12-21,544.409234588981,555.7818624227784,541.3798786270813,0.8571428571428571,0.9333333333333333,8972.150341869961,8876.326971503655
2026-12-22,562.9209526421338,555.4038226634177,542.7688402740964,0.8571428571428571,0.9333333333333333,8812.473089723335,8874.857540166842
2026-12-23,462.2967929871962,543.731501869973,538.2606917032248,0.5714285714285714,0.9,8992.274596232315,8863.473218020621
2026-12-24,480.6702899372383,526.4952266915965,538.0898366348785,0.42857142857142855,0.9,9070.91615230689,8857.329793996214
2026-12-25,585.5171141661564,531.2626925809551,538.5763992025056,0.5714285714285714,1.0,8928.838045616092,8861.809306646088
2026-12-26,557.1715297939143,531.6839244082092,538.1470212586015,1.2857142857142858,1.1,8969.299258250272,8860.651763392316
2026-12-27,539.7034394923797,533.2413362297142,538.630641519367,1.5714285714285714,1.1666666666666667,8711.795639118198,8812.577295330912
2026-12-28,550.0986513857799,534.0541100578283,538.392158126569,1.8571428571428572,1.2333333333333334,8777.346810615787,8811.570185257937
2026-12-29,566.8303884230904,534.6126008836793,541.3309986853105,1.8571428571428572,1.2333333333333334,8773.243107247761,8816.502492254122
2026-12-30,522.7376675620353,543.2470115372278,539.1657026086133,2.2857142857142856,1.2666666666666666,8715.938871774804,8807.326365865541
2026-12-31,511.08476372988434,547.5919363647487,538.4510467161776,2.4285714285714284,1.3,8664.410575644486,8789.676069511215
